,Manufacturer_id,color
0,1,Blue
1,2,Blue
2,3,Red
3,4,Blue
4,5,Red
5,6,Green
6,7,Green
7,8,Green
8,9,Red
9,10,Red
10,11,Green
11,12,Red
12,13,Blue
13,14,Blue
14,15,Red
15,16,Green
16,17,Green
17,18,Green
18,19,Blue
19,20,Green
20,21,Green
21,22,Green
22,23,Red
23,24,Blue
24,25,Green
25,26,Red
26,27,Green
27,28,Green
28,29,Blue
29,30,Blue
30,31,Red
31,32,Green
32,33,Red
33,34,Red
34,35,Green
35,36,Green
36,37,Blue
37,38,Red
38,39,Blue
39,40,Green
40,41,Red
41,42,Blue
42,43,Blue
43,44,Green
44,45,Green
45,46,Red
46,47,Red
47,48,Red
48,49,Green
49,50,Blue
50,51,Blue
51,52,Blue
52,53,Red
53,54,Red
54,55,Blue
55,56,Green
56,57,Red
57,58,Green
58,59,Red
59,60,Blue
60,61,Red
61,62,Green
62,63,Blue
63,64,Green
64,65,Red
65,66,Blue
66,67,Blue
67,68,Green
68,69,Red
69,70,Blue
70,71,Green
71,72,Green
72,73,Blue
73,74,Red
74,75,Red
75,76,Blue
76,77,Red
77,78,Green
78,79,Green
79,80,Red
80,81,Red
81,82,Blue
82,83,Red
83,84,Blue
84,85,Green
85,86,Blue
86,87,Blue
87,88,Blue
88,89,Blue
89,90,Red
90,91,Green
91,92,Blue
92,93,Red
93,94,Green
94,95,Blue
95,96,Green
96,97,Green
97,98,Blue
98,99,Red
99,100,Red
100,101,Red
101,102,Red
102,103,Green
103,104,Red
104,105,Red
105,106,Green
106,107,Blue
107,108,Green
108,109,Blue
109,110,Green
110,111,Blue
111,112,Red
112,113,Blue
113,114,Blue
114,115,Blue
115,116,Red
116,117,Red
117,118,Green
118,119,Red
119,120,Red
120,121,Green
121,122,Red
122,123,Blue
123,124,Red
124,125,Red
125,126,Red
126,127,Blue
127,128,Blue
128,129,Red
129,130,Red
130,131,Blue
131,132,Green
132,133,Green
133,134,Green
134,135,Blue
135,136,Blue
136,137,Green
137,138,Green
138,139,Red
139,140,Green
140,141,Red
141,142,Red
142,143,Green
143,144,Green
144,145,Green
145,146,Red
146,147,Blue
147,148,Red
148,149,Green
149,150,Blue
150,151,Green
151,152,Red
152,153,Green
153,154,Blue
154,155,Green
155,156,Green
156,157,Blue
157,158,Blue
158,159,Red
159,160,Green
160,161,Red
161,162,Blue
162,163,Red
163,164,Red
164,165,Blue
165,166,Red
166,167,Green
167,168,Red
168,169,Red
169,170,Red
170,171,Red
171,172,Green
172,173,Blue
173,174,Blue
174,175,Red
175,176,Red
176,177,Red
177,178,Red
178,179,Green
179,180,Green
180,181,Red
181,182,Green
182,183,Green
183,184,Green
184,185,Green
185,186,Blue
186,187,Green
187,188,Blue
188,189,Red
189,190,Red
190,191,Red
191,192,Red
192,193,Blue
193,194,Green
194,195,Green
195,196,Green
196,197,Blue
197,198,Blue
198,199,Green
199,200,Red
200,201,Blue
201,202,Green
202,203,Green
203,204,Green
204,205,Red
205,206,Red
206,207,Blue
207,208,Green
208,209,Blue
209,210,Green
210,211,Red
211,212,Blue
212,213,Green
213,214,Red
214,215,Green
215,216,Green
216,217,Green
217,218,Red
218,219,Blue
219,220,Blue
220,221,Red
221,222,Green
222,223,Green
223,224,Red
224,225,Red
225,226,Red
226,227,Green
227,228,Green
228,229,Green
229,230,Red
230,231,Green
231,232,Green
232,233,Blue
233,234,Green
234,235,Green
235,236,Red
236,237,Blue
237,238,Blue
238,239,Green
239,240,Green
240,241,Blue
241,242,Green
242,243,Green
243,244,Red
244,245,Red
245,246,Red
246,247,Red
247,248,Blue
248,249,Blue
249,250,Red
250,251,Blue
251,252,Green
252,253,Blue
253,254,Blue
254,255,Green
255,256,Green
256,257,Blue
257,258,Red
258,259,Green
259,260,Blue
260,261,Green
261,262,Green
262,263,Blue
263,264,Red
264,265,Red
265,266,Green
266,267,Red
267,268,Red
268,269,Blue
269,270,Blue
270,271,Red
271,272,Red
272,273,Green
273,274,Blue
274,275,Blue
275,276,Blue
276,277,Green
277,278,Red
278,279,Red
279,280,Blue
280,281,Blue
281,282,Blue
282,283,Red
283,284,Green
284,285,Red
285,286,Green
286,287,Red
287,288,Blue
288,289,Blue
289,290,Blue
290,291,Blue
291,292,Green
292,293,Blue
293,294,Green
294,295,Blue
295,296,Red
296,297,Blue
297,298,Blue
298,299,Red
299,300,Green
300,301,Blue
301,302,Blue
302,303,Blue
303,304,Blue
304,305,Blue
305,306,Red
306,307,Red
307,308,Blue
308,309,Red
309,310,Green
310,311,Blue
311,312,Blue
312,313,Green
313,314,Green
314,315,Blue
315,316,Blue
316,317,Red
317,318,Green
318,319,Green
319,320,Red
320,321,Red
321,322,Red
322,323,Green
323,324,Blue
324,325,Blue
325,326,Red
326,327,Red
327,328,Red
328,329,Red
329,330,Green
330,331,Green
331,332,Red
332,333,Green
333,334,Green
334,335,Green
335,336,Green
336,337,Blue
337,338,Blue
338,339,Blue
339,340,Blue
340,341,Blue
341,342,Green
342,343,Green
343,344,Blue
344,345,Blue
345,346,Red
346,347,Green
347,348,Blue
348,349,Green
349,350,Green
350,351,Green
351,352,Green
352,353,Red
353,354,Blue
354,355,Red
355,356,Green
356,357,Red
357,358,Blue
358,359,Green
359,360,Red
360,361,Green
361,362,Red
362,363,Blue
363,364,Red
364,365,Red
365,366,Blue
366,367,Blue
367,368,Blue
368,369,Red
369,370,Green
370,371,Green
371,372,Red
372,373,Blue
373,374,Blue
374,375,Blue
375,376,Green
376,377,Blue
377,378,Blue
378,379,Red
379,380,Green
380,381,Green
381,382,Blue
382,383,Red
383,384,Green
384,385,Red
385,386,Red
386,387,Red
387,388,Green
388,389,Green
389,390,Green
390,391,Blue
391,392,Green
392,393,Green
393,394,Blue
394,395,Blue
395,396,Green
396,397,Blue
397,398,Green
398,399,Blue
399,400,Blue
400,401,Green
401,402,Green
402,403,Blue
403,404,Red
404,405,Blue
405,406,Green
406,407,Red
407,408,Red
408,409,Green
409,410,Green
410,411,Blue
411,412,Red
412,413,Blue
413,414,Blue
414,415,Green
415,416,Red
416,417,Blue
417,418,Blue
418,419,Red
419,420,Red
420,421,Blue
421,422,Green
422,423,Green
423,424,Blue
424,425,Red
425,426,Red
426,427,Red
427,428,Blue
428,429,Blue
429,430,Green
430,431,Blue
431,432,Blue
432,433,Red
433,434,Green
434,435,Green
435,436,Blue
436,437,Green
437,438,Green
438,439,Red
439,440,Green
440,441,Green
441,442,Blue
442,443,Blue
443,444,Red
444,445,Green
445,446,Blue
446,447,Blue
447,448,Red
448,449,Green
449,450,Green
450,451,Green
451,452,Green
452,453,Green
453,454,Blue
454,455,Blue
455,456,Blue
456,457,Red
457,458,Red
458,459,Red
459,460,Red
460,461,Red
461,462,Red
462,463,Red
463,464,Blue
464,465,Green
465,466,Blue
466,467,Green
467,468,Blue
468,469,Red
469,470,Green
470,471,Blue
471,472,Green
472,473,Blue
473,474,Blue
474,475,Red
475,476,Green
476,477,Red
477,478,Red
478,479,Green
479,480,Red
480,481,Green
481,482,Red
482,483,Red
483,484,Blue
484,485,Red
485,486,Red
486,487,Blue
487,488,Blue
488,489,Blue
489,490,Blue
490,491,Blue
491,492,Red
492,493,Red
493,494,Blue
494,495,Green
495,496,Red
496,497,Green
497,498,Green
498,499,Green
499,500,Green
500,501,Red
501,502,Blue
502,503,Red
503,504,Blue
504,505,Blue
505,506,Red
506,507,Blue
507,508,Green
508,509,Green
509,510,Red
510,511,Green
511,512,Blue
512,513,Green
513,514,Blue
514,515,Green
515,516,Blue
516,517,Green
517,518,Green
518,519,Red
519,520,Red
520,521,Blue
521,522,Red
522,523,Green
523,524,Green
524,525,Green
525,526,Blue
526,527,Blue
527,528,Blue
528,529,Blue
529,530,Red
530,531,Green
531,532,Red
532,533,Red
533,534,Blue
534,535,Red
535,536,Blue
536,537,Red
537,538,Blue
538,539,Blue
539,540,Red
540,541,Blue
541,542,Red
542,543,Green
543,544,Green
544,545,Blue
545,546,Blue
546,547,Blue
547,548,Green
548,549,Green
549,550,Green
550,551,Green
551,552,Red
552,553,Blue
553,554,Red
554,555,Red
555,556,Red
556,557,Green
557,558,Red
558,559,Green
559,560,Blue
560,561,Green
561,562,Red
562,563,Green
563,564,Red
564,565,Red
565,566,Red
566,567,Red
567,568,Green
568,569,Green
569,570,Red
570,571,Red
571,572,Blue
572,573,Blue
573,574,Green
574,575,Blue
575,576,Blue
576,577,Red
577,578,Green
578,579,Blue
579,580,Red
580,581,Red
581,582,Red
582,583,Red
583,584,Blue
584,585,Blue
585,586,Blue
586,587,Red
587,588,Red
588,589,Red
589,590,Blue
590,591,Green
591,592,Green
592,593,Green
593,594,Green
594,595,Red
595,596,Green
596,597,Blue
597,598,Blue
598,599,Green
599,600,Red
600,601,Green
601,602,Green
602,603,Green
603,604,Red
604,605,Red
605,606,Green
606,607,Green
607,608,Green
608,609,Red
609,610,Red
610,611,Green
611,612,Blue
612,613,Blue
613,614,Green
614,615,Red
615,616,Green
616,617,Green
617,618,Green
618,619,Green
619,620,Red
620,621,Green
621,622,Blue
622,623,Blue
623,624,Blue
624,625,Blue
625,626,Blue
626,627,Red
627,628,Green
628,629,Blue
629,630,Red
630,631,Red
631,632,Blue
632,633,Blue
633,634,Blue
634,635,Green
635,636,Red
636,637,Green
637,638,Blue
638,639,Blue
639,640,Green
640,641,Green
641,642,Blue
642,643,Green
643,644,Blue
644,645,Red
645,646,Green
646,647,Red
647,648,Red
648,649,Green
649,650,Green
650,651,Red
651,652,Blue
652,653,Blue
653,654,Blue
654,655,Green
655,656,Blue
656,657,Blue
657,658,Red
658,659,Green
659,660,Red
660,661,Red
661,662,Red
662,663,Green
663,664,Green
664,665,Red
665,666,Blue
666,667,Green
667,668,Blue
668,669,Red
669,670,Red
670,671,Green
671,672,Blue
672,673,Green
673,674,Red
674,675,Green
675,676,Green
676,677,Green
677,678,Blue
678,679,Red
679,680,Green
680,681,Red
681,682,Blue
682,683,Green
683,684,Blue
684,685,Blue
685,686,Blue
686,687,Red
687,688,Green
688,689,Red
689,690,Blue
690,691,Blue
691,692,Blue
692,693,Red
693,694,Blue
694,695,Blue
695,696,Red
696,697,Red
697,698,Red
698,699,Blue
699,700,Red
700,701,Blue
701,702,Green
702,703,Red
703,704,Blue
704,705,Red
705,706,Red
706,707,Red
707,708,Green
708,709,Blue
709,710,Red
710,711,Blue
711,712,Green
712,713,Blue
713,714,Red
714,715,Red
715,716,Blue
716,717,Blue
717,718,Red
718,719,Red
719,720,Blue
720,721,Green
721,722,Blue
722,723,Blue
723,724,Green
724,725,Red
725,726,Green
726,727,Blue
727,728,Blue
728,729,Blue
729,730,Red
730,731,Blue
731,732,Blue
732,733,Red
733,734,Green
734,735,Red
735,736,Green
736,737,Green
737,738,Green
738,739,Green
739,740,Green
740,741,Blue
741,742,Red
742,743,Red
743,744,Red
744,745,Red
745,746,Green
746,747,Green
747,748,Green
748,749,Green
749,750,Green
750,751,Green
751,752,Green
752,753,Green
753,754,Green
754,755,Blue
755,756,Green
756,757,Blue
757,758,Green
758,759,Green
759,760,Green
760,761,Blue
761,762,Blue
762,763,Red
763,764,Red
764,765,Red
765,766,Red
766,767,Red
767,768,Blue
768,769,Green
769,770,Blue
770,771,Green
771,772,Blue
772,773,Green
773,774,Blue
774,775,Green
775,776,Green
776,777,Green
777,778,Green
778,779,Green
779,780,Red
780,781,Red
781,782,Blue
782,783,Red
783,784,Red
784,785,Green
785,786,Green
786,787,Red
787,788,Blue
788,789,Green
789,790,Green
790,791,Green
791,792,Blue
792,793,Green
793,794,Blue
794,795,Blue
795,796,Blue
796,797,Red
797,798,Blue
798,799,Green
799,800,Red
800,801,Red
801,802,Blue
802,803,Red
803,804,Red
804,805,Blue
805,806,Blue
806,807,Blue
807,808,Green
808,809,Blue
809,810,Green
810,811,Red
811,812,Blue
812,813,Green
813,814,Green
814,815,Green
815,816,Green
816,817,Green
817,818,Blue
818,819,Blue
819,820,Red
820,821,Red
821,822,Green
822,823,Blue
823,824,Green
824,825,Green
825,826,Blue
826,827,Red
827,828,Red
828,829,Blue
829,830,Red
830,831,Red
831,832,Red
832,833,Green
833,834,Red
834,835,Red
835,836,Red
836,837,Blue
837,838,Blue
838,839,Green
839,840,Green
840,841,Red
841,842,Blue
842,843,Blue
843,844,Red
844,845,Green
845,846,Green
846,847,Red
847,848,Red
848,849,Red
849,850,Red
850,851,Red
851,852,Green
852,853,Blue
853,854,Red
854,855,Green
855,856,Blue
856,857,Red
857,858,Blue
858,859,Red
859,860,Red
860,861,Red
861,862,Blue
862,863,Red
863,864,Green
864,865,Green
865,866,Blue
866,867,Blue
867,868,Blue
868,869,Red
869,870,Blue
870,871,Green
871,872,Green
872,873,Blue
873,874,Green
874,875,Green
875,876,Blue
876,877,Red
877,878,Blue
878,879,Blue
879,880,Blue
880,881,Red
881,882,Red
882,883,Blue
883,884,Blue
884,885,Green
885,886,Red
886,887,Blue
887,888,Blue
888,889,Red
889,890,Red
890,891,Red
891,892,Blue
892,893,Blue
893,894,Green
894,895,Blue
895,896,Blue
896,897,Green
897,898,Green
898,899,Red
899,900,Red
900,901,Green
901,902,Red
902,903,Green
903,904,Blue
904,905,Red
905,906,Blue
906,907,Green
907,908,Blue
908,909,Blue
909,910,Green
910,911,Blue
911,912,Red
912,913,Green
913,914,Red
914,915,Red
915,916,Green
916,917,Green
917,918,Green
918,919,Green
919,920,Red
920,921,Blue
921,922,Blue
922,923,Red
923,924,Red
924,925,Blue
925,926,Blue
926,927,Blue
927,928,Blue
928,929,Blue
929,930,Green
930,931,Blue
931,932,Green
932,933,Blue
933,934,Red
934,935,Red
935,936,Red
936,937,Red
937,938,Green
938,939,Blue
939,940,Red
940,941,Green
941,942,Blue
942,943,Green
943,944,Green
944,945,Red
945,946,Green
946,947,Green
947,948,Blue
948,949,Red
949,950,Red
950,951,Blue
951,952,Red
952,953,Blue
953,954,Green
954,955,Blue
955,956,Red
956,957,Red
957,958,Red
958,959,Green
959,960,Green
960,961,Red
961,962,Red
962,963,Red
963,964,Green
964,965,Blue
965,966,Green
966,967,Red
967,968,Green
968,969,Red
969,970,Red
970,971,Green
971,972,Blue
972,973,Red
973,974,Blue
974,975,Green
975,976,Green
976,977,Blue
977,978,Blue
978,979,Blue
979,980,Blue
980,981,Green
981,982,Blue
982,983,Red
983,984,Red
984,985,Blue
985,986,Green
986,987,Green
987,988,Blue
988,989,Blue
989,990,Red
990,991,Blue
991,992,Green
992,993,Green
993,994,Red
994,995,Red
995,996,Blue
996,997,Red
997,998,Red
998,999,Red
999,1000,Blue
1000,1001,Green
1001,1002,Green
1002,1003,Blue
1003,1004,Blue
1004,1005,Green
1005,1006,Red
1006,1007,Green
1007,1008,Green
1008,1009,Red
1009,1010,Blue
1010,1011,Red
1011,1012,Blue
1012,1013,Green
1013,1014,Green
1014,1015,Blue
1015,1016,Blue
1016,1017,Red
1017,1018,Green
1018,1019,Red
1019,1020,Green
1020,1021,Blue
1021,1022,Green
1022,1023,Blue
1023,1024,Green
1024,1025,Blue
1025,1026,Green
1026,1027,Red
1027,1028,Green
1028,1029,Blue
1029,1030,Blue
1030,1031,Blue
1031,1032,Blue
1032,1033,Blue
1033,1034,Blue
1034,1035,Blue
1035,1036,Blue
1036,1037,Blue
1037,1038,Green
1038,1039,Blue
1039,1040,Green
1040,1041,Red
1041,1042,Blue
1042,1043,Blue
1043,1044,Green
1044,1045,Green
1045,1046,Blue
1046,1047,Blue
1047,1048,Green
1048,1049,Red
1049,1050,Blue
1050,1051,Blue
1051,1052,Red
1052,1053,Green
1053,1054,Red
1054,1055,Red
1055,1056,Green
1056,1057,Blue
1057,1058,Red
1058,1059,Red
1059,1060,Blue
1060,1061,Green
1061,1062,Red
1062,1063,Green
1063,1064,Red
1064,1065,Blue
1065,1066,Green
1066,1067,Green
1067,1068,Red
1068,1069,Blue
1069,1070,Red
1070,1071,Green
1071,1072,Green
1072,1073,Red
1073,1074,Green
1074,1075,Red
1075,1076,Blue
1076,1077,Red
1077,1078,Red
1078,1079,Blue
1079,1080,Blue
1080,1081,Green
1081,1082,Blue
1082,1083,Green
1083,1084,Red
1084,1085,Blue
1085,1086,Red
1086,1087,Red
1087,1088,Red
1088,1089,Blue
1089,1090,Red
1090,1091,Green
1091,1092,Green
1092,1093,Blue
1093,1094,Green
1094,1095,Red
1095,1096,Blue
1096,1097,Green
1097,1098,Red
1098,1099,Blue
1099,1100,Blue
1100,1101,Blue
1101,1102,Red
1102,1103,Blue
1103,1104,Green
1104,1105,Blue
1105,1106,Blue
1106,1107,Blue
1107,1108,Blue
1108,1109,Red
1109,1110,Red
1110,1111,Green
1111,1112,Blue
1112,1113,Green
1113,1114,Blue
1114,1115,Green
1115,1116,Green
1116,1117,Red
1117,1118,Blue
1118,1119,Red
1119,1120,Red
1120,1121,Red
1121,1122,Red
1122,1123,Green
1123,1124,Blue
1124,1125,Red
1125,1126,Red
1126,1127,Red
1127,1128,Red
1128,1129,Green
1129,1130,Blue
1130,1131,Blue
1131,1132,Red
1132,1133,Blue
1133,1134,Green
1134,1135,Blue
1135,1136,Red
1136,1137,Green
1137,1138,Blue
1138,1139,Blue
1139,1140,Red
1140,1141,Green
1141,1142,Blue
1142,1143,Blue
1143,1144,Red
1144,1145,Green
1145,1146,Red
1146,1147,Green
1147,1148,Blue
1148,1149,Green
1149,1150,Red
1150,1151,Green
1151,1152,Blue
1152,1153,Red
1153,1154,Blue
1154,1155,Green
1155,1156,Green
1156,1157,Blue
1157,1158,Blue
1158,1159,Blue
1159,1160,Green
1160,1161,Blue
1161,1162,Blue
1162,1163,Green
1163,1164,Red
1164,1165,Red
1165,1166,Green
1166,1167,Blue
1167,1168,Green
1168,1169,Blue
1169,1170,Red
1170,1171,Red
1171,1172,Blue
1172,1173,Green
1173,1174,Green
1174,1175,Red
1175,1176,Green
1176,1177,Blue
1177,1178,Green
1178,1179,Red
1179,1180,Red
1180,1181,Red
1181,1182,Green
1182,1183,Green
1183,1184,Blue
1184,1185,Blue
1185,1186,Red
1186,1187,Blue
1187,1188,Red
1188,1189,Green
1189,1190,Blue
1190,1191,Green
1191,1192,Red
1192,1193,Green
1193,1194,Green
1194,1195,Green
1195,1196,Blue
1196,1197,Green
1197,1198,Blue
1198,1199,Green
1199,1200,Blue
1200,1201,Green
1201,1202,Green
1202,1203,Blue
1203,1204,Red
1204,1205,Red
1205,1206,Blue
1206,1207,Red
1207,1208,Green
1208,1209,Green
1209,1210,Green
1210,1211,Blue
1211,1212,Red
1212,1213,Blue
1213,1214,Green
1214,1215,Green
1215,1216,Red
1216,1217,Green
1217,1218,Green
1218,1219,Blue
1219,1220,Red
1220,1221,Blue
1221,1222,Green
1222,1223,Blue
1223,1224,Green
1224,1225,Red
1225,1226,Red
1226,1227,Green
1227,1228,Green
1228,1229,Red
1229,1230,Blue
1230,1231,Green
1231,1232,Blue
1232,1233,Green
1233,1234,Green
1234,1235,Red
1235,1236,Red
1236,1237,Green
1237,1238,Green
1238,1239,Blue
1239,1240,Red
1240,1241,Blue
1241,1242,Blue
1242,1243,Green
1243,1244,Blue
1244,1245,Red
1245,1246,Green
1246,1247,Green
1247,1248,Blue
1248,1249,Green
1249,1250,Green
1250,1251,Green
1251,1252,Green
1252,1253,Blue
1253,1254,Blue
1254,1255,Red
1255,1256,Blue
1256,1257,Green
1257,1258,Blue
1258,1259,Red
1259,1260,Red
1260,1261,Red
1261,1262,Red
1262,1263,Blue
1263,1264,Green
1264,1265,Red
1265,1266,Blue
1266,1267,Green
1267,1268,Red
1268,1269,Green
1269,1270,Green
1270,1271,Red
1271,1272,Red
1272,1273,Green
1273,1274,Blue
1274,1275,Red
1275,1276,Blue
1276,1277,Green
1277,1278,Red
1278,1279,Red
1279,1280,Red
1280,1281,Blue
1281,1282,Green
1282,1283,Green
1283,1284,Red
1284,1285,Green
1285,1286,Blue
1286,1287,Green
1287,1288,Green
1288,1289,Red
1289,1290,Blue
1290,1291,Red
1291,1292,Red
1292,1293,Red
1293,1294,Blue
1294,1295,Blue
1295,1296,Green
1296,1297,Green
1297,1298,Green
1298,1299,Blue
1299,1300,Blue
1300,1301,Red
1301,1302,Red
1302,1303,Green
1303,1304,Red
1304,1305,Green
1305,1306,Blue
1306,1307,Red
1307,1308,Red
1308,1309,Red
1309,1310,Green
1310,1311,Blue
1311,1312,Red
1312,1313,Blue
1313,1314,Red
1314,1315,Blue
1315,1316,Green
1316,1317,Green
1317,1318,Green
1318,1319,Green
1319,1320,Green
1320,1321,Red
1321,1322,Red
1322,1323,Green
1323,1324,Green
1324,1325,Green
1325,1326,Green
1326,1327,Green
1327,1328,Green
1328,1329,Green
1329,1330,Green
1330,1331,Green
1331,1332,Blue
1332,1333,Green
1333,1334,Red
1334,1335,Red
1335,1336,Green
1336,1337,Red
1337,1338,Blue
1338,1339,Blue
1339,1340,Blue
1340,1341,Red
1341,1342,Red
1342,1343,Green
1343,1344,Red
1344,1345,Red
1345,1346,Red
1346,1347,Green
1347,1348,Red
1348,1349,Blue
1349,1350,Green
1350,1351,Red
1351,1352,Blue
1352,1353,Red
1353,1354,Green
1354,1355,Red
1355,1356,Red
1356,1357,Red
1357,1358,Blue
1358,1359,Red
1359,1360,Blue
1360,1361,Red
1361,1362,Blue
1362,1363,Red
1363,1364,Red
1364,1365,Blue
1365,1366,Red
1366,1367,Blue
1367,1368,Blue
1368,1369,Red
1369,1370,Green
1370,1371,Green
1371,1372,Red
1372,1373,Red
1373,1374,Green
1374,1375,Green
1375,1376,Blue
1376,1377,Blue
1377,1378,Red
1378,1379,Red
1379,1380,Blue
1380,1381,Red
1381,1382,Red
1382,1383,Green
1383,1384,Red
1384,1385,Blue
1385,1386,Green
1386,1387,Red
1387,1388,Blue
1388,1389,Blue
1389,1390,Red
1390,1391,Blue
1391,1392,Blue
1392,1393,Blue
1393,1394,Blue
1394,1395,Green
1395,1396,Red
1396,1397,Green
1397,1398,Blue
1398,1399,Red
1399,1400,Blue
1400,1401,Blue
1401,1402,Blue
1402,1403,Red
1403,1404,Green
1404,1405,Green
1405,1406,Green
1406,1407,Green
1407,1408,Blue
1408,1409,Red
1409,1410,Green
1410,1411,Blue
1411,1412,Blue
1412,1413,Red
1413,1414,Blue
1414,1415,Red
1415,1416,Green
1416,1417,Green
1417,1418,Red
1418,1419,Green
1419,1420,Blue
1420,1421,Green
1421,1422,Red
1422,1423,Red
1423,1424,Blue
1424,1425,Blue
1425,1426,Blue
1426,1427,Red
1427,1428,Red
1428,1429,Red
1429,1430,Red
1430,1431,Red
1431,1432,Green
1432,1433,Red
1433,1434,Red
1434,1435,Red
1435,1436,Green
1436,1437,Red
1437,1438,Red
1438,1439,Red
1439,1440,Green
1440,1441,Red
1441,1442,Red
1442,1443,Green
1443,1444,Green
1444,1445,Blue
1445,1446,Blue
1446,1447,Red
1447,1448,Green
1448,1449,Blue
1449,1450,Red
1450,1451,Blue
1451,1452,Green
1452,1453,Red
1453,1454,Blue
1454,1455,Green
1455,1456,Blue
1456,1457,Green
1457,1458,Blue
1458,1459,Blue
1459,1460,Red
1460,1461,Green
1461,1462,Red
1462,1463,Red
1463,1464,Blue
1464,1465,Green
1465,1466,Red
1466,1467,Blue
1467,1468,Red
1468,1469,Green
1469,1470,Red
1470,1471,Blue
1471,1472,Blue
1472,1473,Red
1473,1474,Green
1474,1475,Green
1475,1476,Red
1476,1477,Green
1477,1478,Red
1478,1479,Blue
1479,1480,Blue
1480,1481,Green
1481,1482,Green
1482,1483,Green
1483,1484,Blue
1484,1485,Green
1485,1486,Red
1486,1487,Blue
1487,1488,Red
1488,1489,Red
1489,1490,Blue
1490,1491,Green
1491,1492,Blue
1492,1493,Red
1493,1494,Blue
1494,1495,Blue
1495,1496,Green
1496,1497,Green
1497,1498,Blue
1498,1499,Red
1499,1500,Blue
1500,1501,Red
1501,1502,Red
1502,1503,Green
1503,1504,Red
1504,1505,Red
1505,1506,Red
1506,1507,Red
1507,1508,Green
1508,1509,Green
1509,1510,Blue
1510,1511,Blue
1511,1512,Blue
1512,1513,Green
1513,1514,Green
1514,1515,Red
1515,1516,Blue
1516,1517,Red
1517,1518,Blue
1518,1519,Green
1519,1520,Blue
1520,1521,Green
1521,1522,Green
1522,1523,Red
1523,1524,Red
1524,1525,Blue
1525,1526,Red
1526,1527,Green
1527,1528,Blue
1528,1529,Blue
1529,1530,Red
1530,1531,Blue
1531,1532,Red
1532,1533,Green
1533,1534,Red
1534,1535,Blue
1535,1536,Blue
1536,1537,Blue
1537,1538,Red
1538,1539,Blue
1539,1540,Blue
1540,1541,Green
1541,1542,Blue
1542,1543,Blue
1543,1544,Red
1544,1545,Red
1545,1546,Green
1546,1547,Blue
1547,1548,Red
1548,1549,Green
1549,1550,Green
1550,1551,Red
1551,1552,Blue
1552,1553,Green
1553,1554,Green
1554,1555,Red
1555,1556,Blue
1556,1557,Blue
1557,1558,Blue
1558,1559,Red
1559,1560,Blue
1560,1561,Green
1561,1562,Green
1562,1563,Blue
1563,1564,Green
1564,1565,Green
1565,1566,Green
1566,1567,Red
1567,1568,Green
1568,1569,Red
1569,1570,Green
1570,1571,Blue
1571,1572,Green
1572,1573,Red
1573,1574,Blue
1574,1575,Green
1575,1576,Blue
1576,1577,Red
1577,1578,Red
1578,1579,Green
1579,1580,Red
1580,1581,Red
1581,1582,Blue
1582,1583,Blue
1583,1584,Red
1584,1585,Red
1585,1586,Green
1586,1587,Red
1587,1588,Green
1588,1589,Blue
1589,1590,Green
1590,1591,Red
1591,1592,Blue
1592,1593,Red
1593,1594,Red
1594,1595,Green
1595,1596,Green
1596,1597,Blue
1597,1598,Red
1598,1599,Red
1599,1600,Green
1600,1601,Red
1601,1602,Green
1602,1603,Green
1603,1604,Blue
1604,1605,Blue
1605,1606,Red
1606,1607,Green
1607,1608,Blue
1608,1609,Green
1609,1610,Red
1610,1611,Green
1611,1612,Blue
1612,1613,Red
1613,1614,Red
1614,1615,Red
1615,1616,Blue
1616,1617,Red
1617,1618,Green
1618,1619,Green
1619,1620,Green
1620,1621,Red
1621,1622,Green
1622,1623,Green
1623,1624,Red
1624,1625,Green
1625,1626,Red
1626,1627,Red
1627,1628,Blue
1628,1629,Red
1629,1630,Green
1630,1631,Blue
1631,1632,Red
1632,1633,Blue
1633,1634,Green
1634,1635,Green
1635,1636,Blue
1636,1637,Red
1637,1638,Green
1638,1639,Blue
1639,1640,Green
1640,1641,Red
1641,1642,Green
1642,1643,Red
1643,1644,Red
1644,1645,Red
1645,1646,Green
1646,1647,Green
1647,1648,Blue
1648,1649,Green
1649,1650,Green
1650,1651,Red
1651,1652,Blue
1652,1653,Red
1653,1654,Red
1654,1655,Green
1655,1656,Red
1656,1657,Blue
1657,1658,Blue
1658,1659,Green
1659,1660,Red
1660,1661,Green
1661,1662,Red
1662,1663,Green
1663,1664,Red
1664,1665,Green
1665,1666,Red
1666,1667,Green
1667,1668,Red
1668,1669,Blue
1669,1670,Green
1670,1671,Red
1671,1672,Blue
1672,1673,Green
1673,1674,Blue
1674,1675,Red
1675,1676,Red
1676,1677,Red
1677,1678,Green
1678,1679,Green
1679,1680,Red
1680,1681,Red
1681,1682,Red
1682,1683,Blue
1683,1684,Red
1684,1685,Red
1685,1686,Blue
1686,1687,Red
1687,1688,Blue
1688,1689,Red
1689,1690,Blue
1690,1691,Blue
1691,1692,Red
1692,1693,Red
1693,1694,Green
1694,1695,Blue
1695,1696,Red
1696,1697,Green
1697,1698,Red
1698,1699,Red
1699,1700,Blue
1700,1701,Red
1701,1702,Blue
1702,1703,Blue
1703,1704,Blue
1704,1705,Green
1705,1706,Green
1706,1707,Red
1707,1708,Red
1708,1709,Green
1709,1710,Green
1710,1711,Green
1711,1712,Red
1712,1713,Blue
1713,1714,Green
1714,1715,Blue
1715,1716,Blue
1716,1717,Blue
1717,1718,Green
1718,1719,Red
1719,1720,Blue
1720,1721,Blue
1721,1722,Red
1722,1723,Green
1723,1724,Red
1724,1725,Blue
1725,1726,Green
1726,1727,Green
1727,1728,Blue
1728,1729,Blue
1729,1730,Blue
1730,1731,Blue
1731,1732,Red
1732,1733,Red
1733,1734,Red
1734,1735,Blue
1735,1736,Blue
1736,1737,Green
1737,1738,Red
1738,1739,Red
1739,1740,Green
1740,1741,Blue
1741,1742,Green
1742,1743,Blue
1743,1744,Red
1744,1745,Red
1745,1746,Red
1746,1747,Blue
1747,1748,Blue
1748,1749,Blue
1749,1750,Green
1750,1751,Green
1751,1752,Blue
1752,1753,Green
1753,1754,Blue
1754,1755,Blue
1755,1756,Red
1756,1757,Green
1757,1758,Red
1758,1759,Red
1759,1760,Red
1760,1761,Blue
1761,1762,Red
1762,1763,Green
1763,1764,Green
1764,1765,Red
1765,1766,Blue
1766,1767,Blue
1767,1768,Blue
1768,1769,Red
1769,1770,Red
1770,1771,Blue
1771,1772,Green
1772,1773,Green
1773,1774,Red
1774,1775,Green
1775,1776,Red
1776,1777,Green
1777,1778,Red
1778,1779,Green
1779,1780,Green
1780,1781,Green
1781,1782,Green
1782,1783,Blue
1783,1784,Red
1784,1785,Blue
1785,1786,Red
1786,1787,Green
1787,1788,Green
1788,1789,Red
1789,1790,Blue
1790,1791,Green
1791,1792,Green
1792,1793,Red
1793,1794,Red
1794,1795,Blue
1795,1796,Green
1796,1797,Green
1797,1798,Blue
1798,1799,Green
1799,1800,Red
1800,1801,Blue
1801,1802,Blue
1802,1803,Blue
1803,1804,Red
1804,1805,Green
1805,1806,Red
1806,1807,Blue
1807,1808,Red
1808,1809,Blue
1809,1810,Green
1810,1811,Red
1811,1812,Green
1812,1813,Red
1813,1814,Blue
1814,1815,Blue
1815,1816,Green
1816,1817,Red
1817,1818,Green
1818,1819,Blue
1819,1820,Blue
1820,1821,Green
1821,1822,Red
1822,1823,Green
1823,1824,Red
1824,1825,Blue
1825,1826,Green
1826,1827,Blue
1827,1828,Red
1828,1829,Green
1829,1830,Green
1830,1831,Blue
1831,1832,Blue
1832,1833,Red
1833,1834,Green
1834,1835,Red
1835,1836,Red
1836,1837,Red
1837,1838,Green
1838,1839,Blue
1839,1840,Green
1840,1841,Green
1841,1842,Red
1842,1843,Blue
1843,1844,Red
1844,1845,Green
1845,1846,Blue
1846,1847,Blue
1847,1848,Blue
1848,1849,Red
1849,1850,Red
1850,1851,Green
1851,1852,Red
1852,1853,Green
1853,1854,Blue
1854,1855,Blue
1855,1856,Red
1856,1857,Red
1857,1858,Green
1858,1859,Red
1859,1860,Blue
1860,1861,Green
1861,1862,Blue
1862,1863,Green
1863,1864,Blue
1864,1865,Blue
1865,1866,Red
1866,1867,Red
1867,1868,Green
1868,1869,Red
1869,1870,Green
1870,1871,Green
1871,1872,Green
1872,1873,Blue
1873,1874,Red
1874,1875,Green
1875,1876,Blue
1876,1877,Red
1877,1878,Blue
1878,1879,Red
1879,1880,Red
1880,1881,Green
1881,1882,Blue
1882,1883,Blue
1883,1884,Blue
1884,1885,Blue
1885,1886,Red
1886,1887,Green
1887,1888,Green
1888,1889,Green
1889,1890,Blue
1890,1891,Green
1891,1892,Green
1892,1893,Blue
1893,1894,Red
1894,1895,Red
1895,1896,Blue
1896,1897,Blue
1897,1898,Blue
1898,1899,Blue
1899,1900,Green
1900,1901,Green
1901,1902,Blue
1902,1903,Blue
1903,1904,Red
1904,1905,Red
1905,1906,Green
1906,1907,Green
1907,1908,Green
1908,1909,Green
1909,1910,Blue
1910,1911,Red
1911,1912,Green
1912,1913,Blue
1913,1914,Blue
1914,1915,Red
1915,1916,Red
1916,1917,Green
1917,1918,Green
1918,1919,Blue
1919,1920,Green
1920,1921,Red
1921,1922,Red
1922,1923,Red
1923,1924,Green
1924,1925,Green
1925,1926,Blue
1926,1927,Blue
1927,1928,Red
1928,1929,Blue
1929,1930,Red
1930,1931,Green
1931,1932,Green
1932,1933,Green
1933,1934,Blue
1934,1935,Red
1935,1936,Blue
1936,1937,Blue
1937,1938,Red
1938,1939,Green
1939,1940,Red
1940,1941,Red
1941,1942,Red
1942,1943,Green
1943,1944,Blue
1944,1945,Green
1945,1946,Red
1946,1947,Red
1947,1948,Red
1948,1949,Green
1949,1950,Blue
1950,1951,Green
1951,1952,Red
1952,1953,Red
1953,1954,Blue
1954,1955,Red
1955,1956,Blue
1956,1957,Blue
1957,1958,Green
1958,1959,Blue
1959,1960,Green
1960,1961,Green
1961,1962,Green
1962,1963,Green
1963,1964,Red
1964,1965,Red
1965,1966,Red
1966,1967,Green
1967,1968,Red
1968,1969,Blue
1969,1970,Green
1970,1971,Blue
1971,1972,Blue
1972,1973,Red
1973,1974,Red
1974,1975,Red
1975,1976,Blue
1976,1977,Blue
1977,1978,Green
1978,1979,Green
1979,1980,Blue
1980,1981,Blue
1981,1982,Green
1982,1983,Red
1983,1984,Blue
1984,1985,Blue
1985,1986,Green
1986,1987,Green
1987,1988,Blue
1988,1989,Green
1989,1990,Red
1990,1991,Green
1991,1992,Red
1992,1993,Red
1993,1994,Green
1994,1995,Red
1995,1996,Red
1996,1997,Green
1997,1998,Green
1998,1999,Red
1999,2000,Blue
2000,2001,Red
2001,2002,Red
2002,2003,Red
2003,2004,Blue
2004,2005,Blue
2005,2006,Blue
2006,2007,Green
2007,2008,Blue
2008,2009,Red
2009,2010,Red
2010,2011,Red
2011,2012,Green
2012,2013,Red
2013,2014,Blue
2014,2015,Red
2015,2016,Red
2016,2017,Green
2017,2018,Green
2018,2019,Green
2019,2020,Blue
2020,2021,Green
2021,2022,Blue
2022,2023,Green
2023,2024,Blue
2024,2025,Red
2025,2026,Blue
2026,2027,Blue
2027,2028,Blue
2028,2029,Red
2029,2030,Red
2030,2031,Green
2031,2032,Red
2032,2033,Blue
2033,2034,Red
2034,2035,Blue
2035,2036,Red
2036,2037,Blue
2037,2038,Blue
2038,2039,Red
2039,2040,Green
2040,2041,Red
2041,2042,Blue
2042,2043,Red
2043,2044,Green
2044,2045,Red
2045,2046,Red
2046,2047,Green
2047,2048,Blue
2048,2049,Green
2049,2050,Red
2050,2051,Green
2051,2052,Red
2052,2053,Blue
2053,2054,Green
2054,2055,Blue
2055,2056,Blue
2056,2057,Green
2057,2058,Green
2058,2059,Red
2059,2060,Red
2060,2061,Green
2061,2062,Blue
2062,2063,Green
2063,2064,Blue
2064,2065,Blue
2065,2066,Blue
2066,2067,Red
2067,2068,Red
2068,2069,Green
2069,2070,Blue
2070,2071,Green
2071,2072,Red
2072,2073,Blue
2073,2074,Red
2074,2075,Green
2075,2076,Green
2076,2077,Red
2077,2078,Red
2078,2079,Blue
2079,2080,Blue
2080,2081,Blue
2081,2082,Red
2082,2083,Green
2083,2084,Green
2084,2085,Green
2085,2086,Green
2086,2087,Blue
2087,2088,Green
2088,2089,Red
2089,2090,Green
2090,2091,Green
2091,2092,Blue
2092,2093,Blue
2093,2094,Green
2094,2095,Green
2095,2096,Red
2096,2097,Green
2097,2098,Blue
2098,2099,Red
2099,2100,Red
2100,2101,Red
2101,2102,Blue
2102,2103,Red
2103,2104,Red
2104,2105,Blue
2105,2106,Red
2106,2107,Red
2107,2108,Blue
2108,2109,Red
2109,2110,Blue
2110,2111,Green
2111,2112,Red
2112,2113,Blue
2113,2114,Blue
2114,2115,Blue
2115,2116,Red
2116,2117,Red
2117,2118,Green
2118,2119,Green
2119,2120,Red
2120,2121,Green
2121,2122,Green
2122,2123,Green
2123,2124,Blue
2124,2125,Green
2125,2126,Red
2126,2127,Blue
2127,2128,Red
2128,2129,Blue
2129,2130,Blue
2130,2131,Green
2131,2132,Red
2132,2133,Green
2133,2134,Red
2134,2135,Blue
2135,2136,Red
2136,2137,Green
2137,2138,Blue
2138,2139,Green
2139,2140,Red
2140,2141,Red
2141,2142,Green
2142,2143,Green
2143,2144,Blue
2144,2145,Red
2145,2146,Red
2146,2147,Blue
2147,2148,Red
2148,2149,Green
2149,2150,Green
2150,2151,Green
2151,2152,Green
2152,2153,Red
2153,2154,Green
2154,2155,Blue
2155,2156,Blue
2156,2157,Blue
2157,2158,Red
2158,2159,Green
2159,2160,Red
2160,2161,Blue
2161,2162,Blue
2162,2163,Blue
2163,2164,Blue
2164,2165,Green
2165,2166,Green
2166,2167,Red
2167,2168,Red
2168,2169,Blue
2169,2170,Red
2170,2171,Red
2171,2172,Blue
2172,2173,Green
2173,2174,Red
2174,2175,Blue
2175,2176,Blue
2176,2177,Green
2177,2178,Green
2178,2179,Blue
2179,2180,Blue
2180,2181,Red
2181,2182,Green
2182,2183,Red
2183,2184,Blue
2184,2185,Red
2185,2186,Blue
2186,2187,Blue
2187,2188,Green
2188,2189,Red
2189,2190,Red
2190,2191,Red
2191,2192,Green
2192,2193,Red
2193,2194,Red
2194,2195,Red
2195,2196,Blue
2196,2197,Blue
2197,2198,Green
2198,2199,Blue
2199,2200,Red
2200,2201,Blue
2201,2202,Blue
2202,2203,Blue
2203,2204,Green
2204,2205,Red
2205,2206,Green
2206,2207,Blue
2207,2208,Green
2208,2209,Blue
2209,2210,Green
2210,2211,Blue
2211,2212,Green
2212,2213,Green
2213,2214,Blue
2214,2215,Red
2215,2216,Green
2216,2217,Red
2217,2218,Green
2218,2219,Blue
2219,2220,Blue
2220,2221,Blue
2221,2222,Red
2222,2223,Blue
2223,2224,Blue
2224,2225,Red
2225,2226,Green
2226,2227,Green
2227,2228,Blue
2228,2229,Green
2229,2230,Blue
2230,2231,Green
2231,2232,Blue
2232,2233,Green
2233,2234,Green
2234,2235,Red
2235,2236,Green
2236,2237,Red
2237,2238,Red
2238,2239,Blue
2239,2240,Blue
2240,2241,Red
2241,2242,Green
2242,2243,Blue
2243,2244,Red
2244,2245,Red
2245,2246,Green
2246,2247,Green
2247,2248,Green
2248,2249,Blue
2249,2250,Green
2250,2251,Red
2251,2252,Green
2252,2253,Red
2253,2254,Blue
2254,2255,Red
2255,2256,Blue
2256,2257,Green
2257,2258,Green
2258,2259,Red
2259,2260,Blue
2260,2261,Green
2261,2262,Blue
2262,2263,Red
2263,2264,Green
2264,2265,Red
2265,2266,Red
2266,2267,Blue
2267,2268,Red
2268,2269,Blue
2269,2270,Red
2270,2271,Green
2271,2272,Blue
2272,2273,Red
2273,2274,Blue
2274,2275,Red
2275,2276,Blue
2276,2277,Blue
2277,2278,Red
2278,2279,Red
2279,2280,Blue
2280,2281,Red
2281,2282,Blue
2282,2283,Green
2283,2284,Green
2284,2285,Green
2285,2286,Green
2286,2287,Green
2287,2288,Red
2288,2289,Blue
2289,2290,Blue
2290,2291,Green
2291,2292,Blue
2292,2293,Blue
2293,2294,Green
2294,2295,Green
2295,2296,Red
2296,2297,Blue
2297,2298,Red
2298,2299,Red
2299,2300,Red
2300,2301,Green
2301,2302,Blue
2302,2303,Blue
2303,2304,Blue
2304,2305,Green
2305,2306,Green
2306,2307,Red
2307,2308,Red
2308,2309,Green
2309,2310,Green
2310,2311,Blue
2311,2312,Blue
2312,2313,Red
2313,2314,Red
2314,2315,Blue
2315,2316,Blue
2316,2317,Blue
2317,2318,Red
2318,2319,Green
2319,2320,Blue
2320,2321,Blue
2321,2322,Green
2322,2323,Red
2323,2324,Red
2324,2325,Green
2325,2326,Green
2326,2327,Green
2327,2328,Red
2328,2329,Blue
2329,2330,Blue
2330,2331,Green
2331,2332,Red
2332,2333,Green
2333,2334,Green
2334,2335,Green
2335,2336,Green
2336,2337,Red
2337,2338,Green
2338,2339,Red
2339,2340,Red
2340,2341,Blue
2341,2342,Red
2342,2343,Green
2343,2344,Red
2344,2345,Green
2345,2346,Green
2346,2347,Blue
2347,2348,Blue
2348,2349,Blue
2349,2350,Red
2350,2351,Red
2351,2352,Blue
2352,2353,Blue
2353,2354,Blue
2354,2355,Green
2355,2356,Green
2356,2357,Blue
2357,2358,Green
2358,2359,Red
2359,2360,Red
2360,2361,Green
2361,2362,Red
2362,2363,Red
2363,2364,Blue
2364,2365,Green
2365,2366,Green
2366,2367,Green
2367,2368,Green
2368,2369,Red
2369,2370,Blue
2370,2371,Red
2371,2372,Blue
2372,2373,Blue
2373,2374,Red
2374,2375,Green
2375,2376,Red
2376,2377,Blue
2377,2378,Green
2378,2379,Red
2379,2380,Red
2380,2381,Red
2381,2382,Red
2382,2383,Red
2383,2384,Red
2384,2385,Green
2385,2386,Green
2386,2387,Green
2387,2388,Blue
2388,2389,Blue
2389,2390,Green
2390,2391,Red
2391,2392,Red
2392,2393,Blue
2393,2394,Red
2394,2395,Green
2395,2396,Green
2396,2397,Green
2397,2398,Green
2398,2399,Blue
2399,2400,Green
2400,2401,Green
2401,2402,Blue
2402,2403,Red
2403,2404,Red
2404,2405,Blue
2405,2406,Green
2406,2407,Blue
2407,2408,Blue
2408,2409,Blue
2409,2410,Blue
2410,2411,Red
2411,2412,Green
2412,2413,Red
2413,2414,Red
2414,2415,Red
2415,2416,Red
2416,2417,Red
2417,2418,Green
2418,2419,Green
2419,2420,Blue
2420,2421,Green
2421,2422,Blue
2422,2423,Red
2423,2424,Red
2424,2425,Green
2425,2426,Blue
2426,2427,Red
2427,2428,Green
2428,2429,Green
2429,2430,Green
2430,2431,Green
2431,2432,Red
2432,2433,Green
2433,2434,Green
2434,2435,Green
2435,2436,Green
2436,2437,Green
2437,2438,Blue
2438,2439,Blue
2439,2440,Blue
2440,2441,Green
2441,2442,Red
2442,2443,Blue
2443,2444,Blue
2444,2445,Red
2445,2446,Green
2446,2447,Blue
2447,2448,Red
2448,2449,Blue
2449,2450,Blue
2450,2451,Green
2451,2452,Green
2452,2453,Green
2453,2454,Red
2454,2455,Red
2455,2456,Blue
2456,2457,Green
2457,2458,Red
2458,2459,Green
2459,2460,Red
2460,2461,Green
2461,2462,Blue
2462,2463,Green
2463,2464,Green
2464,2465,Blue
2465,2466,Green
2466,2467,Blue
2467,2468,Blue
2468,2469,Red
2469,2470,Green
2470,2471,Blue
2471,2472,Blue
2472,2473,Red
2473,2474,Red
2474,2475,Red
2475,2476,Red
2476,2477,Green
2477,2478,Red
2478,2479,Blue
2479,2480,Green
2480,2481,Red
2481,2482,Blue
2482,2483,Blue
2483,2484,Red
2484,2485,Red
2485,2486,Red
2486,2487,Red
2487,2488,Blue
2488,2489,Green
2489,2490,Green
2490,2491,Green
2491,2492,Green
2492,2493,Green
2493,2494,Green
2494,2495,Red
2495,2496,Green
2496,2497,Red
2497,2498,Blue
2498,2499,Green
2499,2500,Green
2500,2501,Blue
2501,2502,Blue
2502,2503,Red
2503,2504,Green
2504,2505,Blue
2505,2506,Green
2506,2507,Green
2507,2508,Red
2508,2509,Red
2509,2510,Blue
2510,2511,Blue
2511,2512,Green
2512,2513,Blue
2513,2514,Blue
2514,2515,Green
2515,2516,Red
2516,2517,Red
2517,2518,Red
2518,2519,Red
2519,2520,Red
2520,2521,Red
2521,2522,Red
2522,2523,Green
2523,2524,Blue
2524,2525,Red
2525,2526,Green
2526,2527,Blue
2527,2528,Blue
2528,2529,Red
2529,2530,Green
2530,2531,Red
2531,2532,Blue
2532,2533,Blue
2533,2534,Blue
2534,2535,Green
2535,2536,Red
2536,2537,Blue
2537,2538,Green
2538,2539,Red
2539,2540,Blue
2540,2541,Blue
2541,2542,Blue
2542,2543,Red
2543,2544,Blue
2544,2545,Green
2545,2546,Red
2546,2547,Green
2547,2548,Red
2548,2549,Red
2549,2550,Red
2550,2551,Red
2551,2552,Blue
2552,2553,Blue
2553,2554,Red
2554,2555,Blue
2555,2556,Red
2556,2557,Red
2557,2558,Red
2558,2559,Red
2559,2560,Green
2560,2561,Red
2561,2562,Blue
2562,2563,Blue
2563,2564,Blue
2564,2565,Green
2565,2566,Green
2566,2567,Blue
2567,2568,Red
2568,2569,Blue
2569,2570,Blue
2570,2571,Red
2571,2572,Blue
2572,2573,Blue
2573,2574,Blue
2574,2575,Red
2575,2576,Blue
2576,2577,Green
2577,2578,Green
2578,2579,Blue
2579,2580,Blue
2580,2581,Green
2581,2582,Blue
2582,2583,Blue
2583,2584,Red
2584,2585,Red
2585,2586,Green
2586,2587,Red
2587,2588,Blue
2588,2589,Red
2589,2590,Blue
2590,2591,Red
2591,2592,Green
2592,2593,Red
2593,2594,Blue
2594,2595,Red
2595,2596,Red
2596,2597,Blue
2597,2598,Green
2598,2599,Green
2599,2600,Blue
2600,2601,Green
2601,2602,Red
2602,2603,Blue
2603,2604,Blue
2604,2605,Blue
2605,2606,Red
2606,2607,Blue
2607,2608,Red
2608,2609,Blue
2609,2610,Red
2610,2611,Red
2611,2612,Green
2612,2613,Blue
2613,2614,Blue
2614,2615,Blue
2615,2616,Red
2616,2617,Green
2617,2618,Red
2618,2619,Blue
2619,2620,Red
2620,2621,Blue
2621,2622,Green
2622,2623,Green
2623,2624,Blue
2624,2625,Red
2625,2626,Green
2626,2627,Red
2627,2628,Red
2628,2629,Red
2629,2630,Green
2630,2631,Green
2631,2632,Blue
2632,2633,Green
2633,2634,Green
2634,2635,Blue
2635,2636,Blue
2636,2637,Red
2637,2638,Blue
2638,2639,Red
2639,2640,Red
2640,2641,Green
2641,2642,Green
2642,2643,Red
2643,2644,Green
2644,2645,Red
2645,2646,Green
2646,2647,Red
2647,2648,Green
2648,2649,Red
2649,2650,Blue
2650,2651,Red
2651,2652,Red
2652,2653,Green
2653,2654,Blue
2654,2655,Blue
2655,2656,Blue
2656,2657,Red
2657,2658,Red
2658,2659,Green
2659,2660,Blue
2660,2661,Green
2661,2662,Red
2662,2663,Red
2663,2664,Red
2664,2665,Red
2665,2666,Red
2666,2667,Red
2667,2668,Green
2668,2669,Blue
2669,2670,Blue
2670,2671,Blue
2671,2672,Green
2672,2673,Blue
2673,2674,Red
2674,2675,Blue
2675,2676,Red
2676,2677,Red
2677,2678,Green
2678,2679,Red
2679,2680,Blue
2680,2681,Red
2681,2682,Green
2682,2683,Green
2683,2684,Green
2684,2685,Blue
2685,2686,Blue
2686,2687,Blue
2687,2688,Green
2688,2689,Green
2689,2690,Red
2690,2691,Blue
2691,2692,Green
2692,2693,Green
2693,2694,Red
2694,2695,Red
2695,2696,Green
2696,2697,Green
2697,2698,Blue
2698,2699,Blue
2699,2700,Red
2700,2701,Blue
2701,2702,Blue
2702,2703,Blue
2703,2704,Red
2704,2705,Red
2705,2706,Green
2706,2707,Red
2707,2708,Red
2708,2709,Red
2709,2710,Red
2710,2711,Blue
2711,2712,Blue
2712,2713,Blue
2713,2714,Green
2714,2715,Red
2715,2716,Green
2716,2717,Green
2717,2718,Green
2718,2719,Red
2719,2720,Red
2720,2721,Red
2721,2722,Blue
2722,2723,Green
2723,2724,Green
2724,2725,Green
2725,2726,Green
2726,2727,Blue
2727,2728,Green
2728,2729,Red
2729,2730,Blue
2730,2731,Green
2731,2732,Red
2732,2733,Blue
2733,2734,Green
2734,2735,Green
2735,2736,Blue
2736,2737,Red
2737,2738,Green
2738,2739,Blue
2739,2740,Green
2740,2741,Red
2741,2742,Green
2742,2743,Blue
2743,2744,Red
2744,2745,Green
2745,2746,Green
2746,2747,Red
2747,2748,Green
2748,2749,Red
2749,2750,Blue
2750,2751,Red
2751,2752,Blue
2752,2753,Blue
2753,2754,Green
2754,2755,Red
2755,2756,Blue
2756,2757,Red
2757,2758,Green
2758,2759,Blue
2759,2760,Red
2760,2761,Blue
2761,2762,Green
2762,2763,Blue
2763,2764,Blue
2764,2765,Red
2765,2766,Red
2766,2767,Green
2767,2768,Green
2768,2769,Green
2769,2770,Red
2770,2771,Blue
2771,2772,Red
2772,2773,Red
2773,2774,Red
2774,2775,Blue
2775,2776,Blue
2776,2777,Red
2777,2778,Green
2778,2779,Red
2779,2780,Green
2780,2781,Blue
2781,2782,Blue
2782,2783,Green
2783,2784,Blue
2784,2785,Red
2785,2786,Red
2786,2787,Red
2787,2788,Blue
2788,2789,Green
2789,2790,Blue
2790,2791,Green
2791,2792,Green
2792,2793,Red
2793,2794,Green
2794,2795,Red
2795,2796,Red
2796,2797,Red
2797,2798,Green
2798,2799,Blue
2799,2800,Blue
2800,2801,Red
2801,2802,Blue
2802,2803,Blue
2803,2804,Red
2804,2805,Green
2805,2806,Red
2806,2807,Red
2807,2808,Red
2808,2809,Blue
2809,2810,Red
2810,2811,Red
2811,2812,Green
2812,2813,Red
2813,2814,Blue
2814,2815,Red
2815,2816,Blue
2816,2817,Red
2817,2818,Red
2818,2819,Blue
2819,2820,Blue
2820,2821,Blue
2821,2822,Blue
2822,2823,Green
2823,2824,Red
2824,2825,Green
2825,2826,Green
2826,2827,Green
2827,2828,Blue
2828,2829,Green
2829,2830,Green
2830,2831,Red
2831,2832,Blue
2832,2833,Red
2833,2834,Blue
2834,2835,Blue
2835,2836,Red
2836,2837,Green
2837,2838,Green
2838,2839,Blue
2839,2840,Blue
2840,2841,Red
2841,2842,Green
2842,2843,Blue
2843,2844,Green
2844,2845,Red
2845,2846,Green
2846,2847,Green
2847,2848,Red
2848,2849,Blue
2849,2850,Green
2850,2851,Green
2851,2852,Red
2852,2853,Green
2853,2854,Red
2854,2855,Red
2855,2856,Red
2856,2857,Red
2857,2858,Blue
2858,2859,Red
2859,2860,Red
2860,2861,Red
2861,2862,Blue
2862,2863,Blue
2863,2864,Green
2864,2865,Blue
2865,2866,Green
2866,2867,Red
2867,2868,Red
2868,2869,Blue
2869,2870,Blue
2870,2871,Blue
2871,2872,Red
2872,2873,Red
2873,2874,Blue
2874,2875,Green
2875,2876,Green
2876,2877,Blue
2877,2878,Green
2878,2879,Green
2879,2880,Blue
2880,2881,Green
2881,2882,Blue
2882,2883,Blue
2883,2884,Red
2884,2885,Red
2885,2886,Red
2886,2887,Green
2887,2888,Red
2888,2889,Red
2889,2890,Green
2890,2891,Blue
2891,2892,Green
2892,2893,Red
2893,2894,Red
2894,2895,Green
2895,2896,Red
2896,2897,Blue
2897,2898,Blue
2898,2899,Red
2899,2900,Red
2900,2901,Red
2901,2902,Red
2902,2903,Green
2903,2904,Blue
2904,2905,Blue
2905,2906,Red
2906,2907,Blue
2907,2908,Red
2908,2909,Blue
2909,2910,Blue
2910,2911,Blue
2911,2912,Red
2912,2913,Green
2913,2914,Red
2914,2915,Blue
2915,2916,Blue
2916,2917,Red
2917,2918,Green
2918,2919,Blue
2919,2920,Green
2920,2921,Green
2921,2922,Blue
2922,2923,Red
2923,2924,Red
2924,2925,Red
2925,2926,Blue
2926,2927,Red
2927,2928,Red
2928,2929,Red
2929,2930,Green
2930,2931,Green
2931,2932,Blue
2932,2933,Blue
2933,2934,Green
2934,2935,Blue
2935,2936,Blue
2936,2937,Green
2937,2938,Red
2938,2939,Green
2939,2940,Blue
2940,2941,Blue
2941,2942,Blue
2942,2943,Red
2943,2944,Blue
2944,2945,Blue
2945,2946,Green
2946,2947,Green
2947,2948,Red
2948,2949,Red
2949,2950,Red
2950,2951,Green
2951,2952,Red
2952,2953,Red
2953,2954,Green
2954,2955,Red
2955,2956,Green
2956,2957,Blue
2957,2958,Red
2958,2959,Red
2959,2960,Blue
2960,2961,Red
2961,2962,Blue
2962,2963,Green
2963,2964,Green
2964,2965,Blue
2965,2966,Blue
2966,2967,Red
2967,2968,Red
2968,2969,Blue
2969,2970,Blue
2970,2971,Green
2971,2972,Green
2972,2973,Green
2973,2974,Red
2974,2975,Blue
2975,2976,Green
2976,2977,Red
2977,2978,Red
2978,2979,Red
2979,2980,Blue
2980,2981,Green
2981,2982,Red
2982,2983,Red
2983,2984,Green
2984,2985,Blue
2985,2986,Green
2986,2987,Blue
2987,2988,Green
2988,2989,Red
2989,2990,Green
2990,2991,Red
2991,2992,Green
2992,2993,Blue
2993,2994,Green
2994,2995,Green
2995,2996,Red
2996,2997,Green
2997,2998,Blue
2998,2999,Blue
2999,3000,Red
3000,3001,Green
3001,3002,Green
3002,3003,Red
3003,3004,Red
3004,3005,Blue
3005,3006,Red
3006,3007,Green
3007,3008,Blue
3008,3009,Blue
3009,3010,Red
3010,3011,Green
3011,3012,Red
3012,3013,Blue
3013,3014,Blue
3014,3015,Blue
3015,3016,Red
3016,3017,Red
3017,3018,Red
3018,3019,Red
3019,3020,Blue
3020,3021,Blue
3021,3022,Red
3022,3023,Green
3023,3024,Green
3024,3025,Green
3025,3026,Red
3026,3027,Red
3027,3028,Red
3028,3029,Blue
3029,3030,Red
3030,3031,Red
3031,3032,Blue
3032,3033,Green
3033,3034,Red
3034,3035,Blue
3035,3036,Blue
3036,3037,Blue
3037,3038,Green
3038,3039,Green
3039,3040,Red
3040,3041,Green
3041,3042,Blue
3042,3043,Blue
3043,3044,Blue
3044,3045,Red
3045,3046,Green
3046,3047,Blue
3047,3048,Blue
3048,3049,Blue
3049,3050,Blue
3050,3051,Green
3051,3052,Blue
3052,3053,Blue
3053,3054,Red
3054,3055,Red
3055,3056,Green
3056,3057,Blue
3057,3058,Red
3058,3059,Red
3059,3060,Red
3060,3061,Green
3061,3062,Green
3062,3063,Blue
3063,3064,Red
3064,3065,Red
3065,3066,Red
3066,3067,Red
3067,3068,Green
3068,3069,Green
3069,3070,Green
3070,3071,Green
3071,3072,Red
3072,3073,Green
3073,3074,Red
3074,3075,Red
3075,3076,Red
3076,3077,Red
3077,3078,Green
3078,3079,Green
3079,3080,Red
3080,3081,Blue
3081,3082,Green
3082,3083,Red
3083,3084,Blue
3084,3085,Red
3085,3086,Red
3086,3087,Red
3087,3088,Green
3088,3089,Blue
3089,3090,Red
3090,3091,Blue
3091,3092,Green
3092,3093,Red
3093,3094,Green
3094,3095,Blue
3095,3096,Blue
3096,3097,Blue
3097,3098,Green
3098,3099,Green
3099,3100,Blue
3100,3101,Red
3101,3102,Blue
3102,3103,Green
3103,3104,Blue
3104,3105,Blue
3105,3106,Red
3106,3107,Blue
3107,3108,Red
3108,3109,Red
3109,3110,Red
3110,3111,Green
3111,3112,Green
3112,3113,Red
3113,3114,Blue
3114,3115,Green
3115,3116,Red
3116,3117,Blue
3117,3118,Blue
3118,3119,Green
3119,3120,Blue
3120,3121,Blue
3121,3122,Red
3122,3123,Green
3123,3124,Red
3124,3125,Red
3125,3126,Red
3126,3127,Red
3127,3128,Green
3128,3129,Green
3129,3130,Blue
3130,3131,Blue
3131,3132,Red
3132,3133,Blue
3133,3134,Green
3134,3135,Red
3135,3136,Red
3136,3137,Green
3137,3138,Red
3138,3139,Green
3139,3140,Blue
3140,3141,Red
3141,3142,Red
3142,3143,Blue
3143,3144,Red
3144,3145,Blue
3145,3146,Green
3146,3147,Blue
3147,3148,Red
3148,3149,Red
3149,3150,Red
3150,3151,Green
3151,3152,Green
3152,3153,Green
3153,3154,Blue
3154,3155,Red
3155,3156,Blue
3156,3157,Blue
3157,3158,Blue
3158,3159,Green
3159,3160,Red
3160,3161,Red
3161,3162,Blue
3162,3163,Red
3163,3164,Blue
3164,3165,Red
3165,3166,Green
3166,3167,Green
3167,3168,Blue
3168,3169,Green
3169,3170,Green
3170,3171,Red
3171,3172,Red
3172,3173,Green
3173,3174,Red
3174,3175,Blue
3175,3176,Blue
3176,3177,Green
3177,3178,Red
3178,3179,Blue
3179,3180,Blue
3180,3181,Red
3181,3182,Red
3182,3183,Green
3183,3184,Blue
3184,3185,Green
3185,3186,Red
3186,3187,Red
3187,3188,Red
3188,3189,Blue
3189,3190,Red
3190,3191,Blue
3191,3192,Green
3192,3193,Red
3193,3194,Blue
3194,3195,Blue
3195,3196,Red
3196,3197,Green
3197,3198,Blue
3198,3199,Green
3199,3200,Green
3200,3201,Red
3201,3202,Blue
3202,3203,Blue
3203,3204,Blue
3204,3205,Green
3205,3206,Blue
3206,3207,Red
3207,3208,Blue
3208,3209,Red
3209,3210,Blue
3210,3211,Green
3211,3212,Red
3212,3213,Red
3213,3214,Blue
3214,3215,Blue
3215,3216,Blue
3216,3217,Red
3217,3218,Red
3218,3219,Red
3219,3220,Red
3220,3221,Green
3221,3222,Green
3222,3223,Green
3223,3224,Red
3224,3225,Red
3225,3226,Blue
3226,3227,Red
3227,3228,Green
3228,3229,Blue
3229,3230,Green
3230,3231,Red
3231,3232,Blue
3232,3233,Blue
3233,3234,Red
3234,3235,Blue
3235,3236,Green
3236,3237,Green
3237,3238,Blue
3238,3239,Green
3239,3240,Red
3240,3241,Green
3241,3242,Red
3242,3243,Green
3243,3244,Blue
3244,3245,Blue
3245,3246,Red
3246,3247,Green
3247,3248,Red
3248,3249,Green
3249,3250,Red
3250,3251,Red
3251,3252,Blue
3252,3253,Red
3253,3254,Blue
3254,3255,Blue
3255,3256,Blue
3256,3257,Blue
3257,3258,Red
3258,3259,Green
3259,3260,Red
3260,3261,Red
3261,3262,Green
3262,3263,Green
3263,3264,Blue
3264,3265,Blue
3265,3266,Blue
3266,3267,Red
3267,3268,Red
3268,3269,Green
3269,3270,Green
3270,3271,Blue
3271,3272,Blue
3272,3273,Green
3273,3274,Blue
3274,3275,Blue
3275,3276,Green
3276,3277,Blue
3277,3278,Green
3278,3279,Green
3279,3280,Blue
3280,3281,Green
3281,3282,Green
3282,3283,Red
3283,3284,Blue
3284,3285,Blue
3285,3286,Red
3286,3287,Red
3287,3288,Blue
3288,3289,Red
3289,3290,Green
3290,3291,Blue
3291,3292,Green
3292,3293,Red
3293,3294,Red
3294,3295,Blue
3295,3296,Red
3296,3297,Blue
3297,3298,Blue
3298,3299,Green
3299,3300,Red
3300,3301,Blue
3301,3302,Blue
3302,3303,Blue
3303,3304,Blue
3304,3305,Blue
3305,3306,Red
3306,3307,Blue
3307,3308,Red
3308,3309,Green
3309,3310,Blue
3310,3311,Green
3311,3312,Red
3312,3313,Green
3313,3314,Green
3314,3315,Blue
3315,3316,Red
3316,3317,Red
3317,3318,Green
3318,3319,Red
3319,3320,Red
3320,3321,Blue
3321,3322,Red
3322,3323,Green
3323,3324,Green
3324,3325,Red
3325,3326,Blue
3326,3327,Red
3327,3328,Red
3328,3329,Blue
3329,3330,Blue
3330,3331,Red
3331,3332,Red
3332,3333,Blue
3333,3334,Red
3334,3335,Blue
3335,3336,Green
3336,3337,Red
3337,3338,Red
3338,3339,Green
3339,3340,Red
3340,3341,Blue
3341,3342,Blue
3342,3343,Blue
3343,3344,Green
3344,3345,Green
3345,3346,Red
3346,3347,Blue
3347,3348,Blue
3348,3349,Blue
3349,3350,Blue
3350,3351,Red
3351,3352,Blue
3352,3353,Red
3353,3354,Red
3354,3355,Red
3355,3356,Red
3356,3357,Green
3357,3358,Red
3358,3359,Blue
3359,3360,Red
3360,3361,Green
3361,3362,Red
3362,3363,Green
3363,3364,Green
3364,3365,Red
3365,3366,Blue
3366,3367,Blue
3367,3368,Blue
3368,3369,Red
3369,3370,Blue
3370,3371,Blue
3371,3372,Blue
3372,3373,Blue
3373,3374,Red
3374,3375,Blue
3375,3376,Blue
3376,3377,Green
3377,3378,Green
3378,3379,Red
3379,3380,Red
3380,3381,Blue
3381,3382,Green
3382,3383,Red
3383,3384,Red
3384,3385,Blue
3385,3386,Red
3386,3387,Red
3387,3388,Green
3388,3389,Blue
3389,3390,Blue
3390,3391,Green
3391,3392,Green
3392,3393,Red
3393,3394,Green
3394,3395,Green
3395,3396,Green
3396,3397,Green
3397,3398,Green
3398,3399,Blue
3399,3400,Blue
3400,3401,Red
3401,3402,Red
3402,3403,Blue
3403,3404,Green
3404,3405,Red
3405,3406,Blue
3406,3407,Red
3407,3408,Red
3408,3409,Blue
3409,3410,Green
3410,3411,Blue
3411,3412,Blue
3412,3413,Green
3413,3414,Green
3414,3415,Green
3415,3416,Red
3416,3417,Green
3417,3418,Blue
3418,3419,Blue
3419,3420,Blue
3420,3421,Green
3421,3422,Green
3422,3423,Green
3423,3424,Blue
3424,3425,Green
3425,3426,Red
3426,3427,Green
3427,3428,Green
3428,3429,Red
3429,3430,Blue
3430,3431,Blue
3431,3432,Red
3432,3433,Blue
3433,3434,Green
3434,3435,Green
3435,3436,Red
3436,3437,Red
3437,3438,Green
3438,3439,Green
3439,3440,Red
3440,3441,Blue
3441,3442,Green
3442,3443,Blue
3443,3444,Green
3444,3445,Red
3445,3446,Blue
3446,3447,Green
3447,3448,Blue
3448,3449,Red
3449,3450,Blue
3450,3451,Green
3451,3452,Green
3452,3453,Green
3453,3454,Blue
3454,3455,Red
3455,3456,Red
3456,3457,Green
3457,3458,Blue
3458,3459,Red
3459,3460,Red
3460,3461,Red
3461,3462,Red
3462,3463,Red
3463,3464,Red
3464,3465,Blue
3465,3466,Blue
3466,3467,Blue
3467,3468,Green
3468,3469,Green
3469,3470,Blue
3470,3471,Red
3471,3472,Red
3472,3473,Red
3473,3474,Blue
3474,3475,Green
3475,3476,Blue
3476,3477,Red
3477,3478,Red
3478,3479,Red
3479,3480,Green
3480,3481,Red
3481,3482,Blue
3482,3483,Red
3483,3484,Green
3484,3485,Blue
3485,3486,Green
3486,3487,Blue
3487,3488,Blue
3488,3489,Blue
3489,3490,Blue
3490,3491,Blue
3491,3492,Blue
3492,3493,Red
3493,3494,Blue
3494,3495,Blue
3495,3496,Blue
3496,3497,Green
3497,3498,Blue
3498,3499,Blue
3499,3500,Blue
3500,3501,Red
3501,3502,Green
3502,3503,Blue
3503,3504,Blue
3504,3505,Red
3505,3506,Blue
3506,3507,Blue
3507,3508,Blue
3508,3509,Green
3509,3510,Green
3510,3511,Green
3511,3512,Red
3512,3513,Blue
3513,3514,Red
3514,3515,Red
3515,3516,Green
3516,3517,Green
3517,3518,Red
3518,3519,Blue
3519,3520,Red
3520,3521,Red
3521,3522,Red
3522,3523,Red
3523,3524,Green
3524,3525,Green
3525,3526,Red
3526,3527,Green
3527,3528,Red
3528,3529,Blue
3529,3530,Blue
3530,3531,Green
3531,3532,Blue
3532,3533,Blue
3533,3534,Green
3534,3535,Red
3535,3536,Green
3536,3537,Green
3537,3538,Red
3538,3539,Red
3539,3540,Red
3540,3541,Green
3541,3542,Blue
3542,3543,Green
3543,3544,Green
3544,3545,Red
3545,3546,Blue
3546,3547,Red
3547,3548,Green
3548,3549,Blue
3549,3550,Red
3550,3551,Green
3551,3552,Green
3552,3553,Blue
3553,3554,Blue
3554,3555,Red
3555,3556,Green
3556,3557,Green
3557,3558,Green
3558,3559,Red
3559,3560,Red
3560,3561,Green
3561,3562,Red
3562,3563,Green
3563,3564,Green
3564,3565,Red
3565,3566,Blue
3566,3567,Green
3567,3568,Red
3568,3569,Red
3569,3570,Green
3570,3571,Red
3571,3572,Red
3572,3573,Red
3573,3574,Green
3574,3575,Green
3575,3576,Green
3576,3577,Red
3577,3578,Green
3578,3579,Red
3579,3580,Red
3580,3581,Green
3581,3582,Red
3582,3583,Blue
3583,3584,Blue
3584,3585,Red
3585,3586,Red
3586,3587,Red
3587,3588,Red
3588,3589,Green
3589,3590,Blue
3590,3591,Blue
3591,3592,Red
3592,3593,Red
3593,3594,Green
3594,3595,Red
3595,3596,Red
3596,3597,Red
3597,3598,Blue
3598,3599,Blue
3599,3600,Green
3600,3601,Red
3601,3602,Blue
3602,3603,Blue
3603,3604,Red
3604,3605,Red
3605,3606,Green
3606,3607,Blue
3607,3608,Red
3608,3609,Green
3609,3610,Blue
3610,3611,Blue
3611,3612,Red
3612,3613,Blue
3613,3614,Red
3614,3615,Green
3615,3616,Green
3616,3617,Green
3617,3618,Green
3618,3619,Blue
3619,3620,Green
3620,3621,Green
3621,3622,Red
3622,3623,Red
3623,3624,Red
3624,3625,Red
3625,3626,Green
3626,3627,Red
3627,3628,Green
3628,3629,Blue
3629,3630,Blue
3630,3631,Red
3631,3632,Red
3632,3633,Red
3633,3634,Blue
3634,3635,Blue
3635,3636,Red
3636,3637,Green
3637,3638,Red
3638,3639,Green
3639,3640,Green
3640,3641,Red
3641,3642,Blue
3642,3643,Blue
3643,3644,Red
3644,3645,Red
3645,3646,Red
3646,3647,Blue
3647,3648,Blue
3648,3649,Green
3649,3650,Blue
3650,3651,Green
3651,3652,Green
3652,3653,Blue
3653,3654,Blue
3654,3655,Red
3655,3656,Green
3656,3657,Blue
3657,3658,Red
3658,3659,Blue
3659,3660,Green
3660,3661,Green
3661,3662,Green
3662,3663,Green
3663,3664,Green
3664,3665,Blue
3665,3666,Green
3666,3667,Red
3667,3668,Blue
3668,3669,Red
3669,3670,Blue
3670,3671,Blue
3671,3672,Green
3672,3673,Green
3673,3674,Blue
3674,3675,Green
3675,3676,Green
3676,3677,Blue
3677,3678,Blue
3678,3679,Red
3679,3680,Green
3680,3681,Blue
3681,3682,Blue
3682,3683,Red
3683,3684,Green
3684,3685,Red
3685,3686,Blue
3686,3687,Green
3687,3688,Green
3688,3689,Green
3689,3690,Red
3690,3691,Blue
3691,3692,Blue
3692,3693,Blue
3693,3694,Green
3694,3695,Blue
3695,3696,Green
3696,3697,Red
3697,3698,Green
3698,3699,Red
3699,3700,Green
3700,3701,Blue
3701,3702,Green
3702,3703,Blue
3703,3704,Blue
3704,3705,Blue
3705,3706,Blue
3706,3707,Blue
3707,3708,Blue
3708,3709,Green
3709,3710,Blue
3710,3711,Green
3711,3712,Red
3712,3713,Red
3713,3714,Green
3714,3715,Red
3715,3716,Red
3716,3717,Green
3717,3718,Red
3718,3719,Red
3719,3720,Red
3720,3721,Red
3721,3722,Red
3722,3723,Red
3723,3724,Red
3724,3725,Green
3725,3726,Green
3726,3727,Red
3727,3728,Red
3728,3729,Green
3729,3730,Blue
3730,3731,Red
3731,3732,Blue
3732,3733,Blue
3733,3734,Blue
3734,3735,Red
3735,3736,Red
3736,3737,Blue
3737,3738,Green
3738,3739,Red
3739,3740,Blue
3740,3741,Blue
3741,3742,Red
3742,3743,Blue
3743,3744,Red
3744,3745,Red
3745,3746,Red
3746,3747,Blue
3747,3748,Blue
3748,3749,Blue
3749,3750,Blue
3750,3751,Blue
3751,3752,Blue
3752,3753,Red
3753,3754,Blue
3754,3755,Blue
3755,3756,Green
3756,3757,Green
3757,3758,Green
3758,3759,Red
3759,3760,Blue
3760,3761,Blue
3761,3762,Blue
3762,3763,Green
3763,3764,Green
3764,3765,Blue
3765,3766,Green
3766,3767,Blue
3767,3768,Green
3768,3769,Blue
3769,3770,Green
3770,3771,Blue
3771,3772,Red
3772,3773,Blue
3773,3774,Blue
3774,3775,Green
3775,3776,Red
3776,3777,Red
3777,3778,Green
3778,3779,Green
3779,3780,Blue
3780,3781,Blue
3781,3782,Red
3782,3783,Green
3783,3784,Blue
3784,3785,Green
3785,3786,Red
3786,3787,Blue
3787,3788,Red
3788,3789,Green
3789,3790,Red
3790,3791,Red
3791,3792,Blue
3792,3793,Green
3793,3794,Red
3794,3795,Green
3795,3796,Green
3796,3797,Green
3797,3798,Blue
3798,3799,Red
3799,3800,Blue
3800,3801,Red
3801,3802,Red
3802,3803,Green
3803,3804,Blue
3804,3805,Blue
3805,3806,Blue
3806,3807,Red
3807,3808,Green
3808,3809,Blue
3809,3810,Blue
3810,3811,Blue
3811,3812,Red
3812,3813,Green
3813,3814,Red
3814,3815,Green
3815,3816,Green
3816,3817,Green
3817,3818,Blue
3818,3819,Green
3819,3820,Green
3820,3821,Red
3821,3822,Green
3822,3823,Red
3823,3824,Green
3824,3825,Red
3825,3826,Red
3826,3827,Green
3827,3828,Red
3828,3829,Blue
3829,3830,Red
3830,3831,Blue
3831,3832,Blue
3832,3833,Green
3833,3834,Green
3834,3835,Green
3835,3836,Red
3836,3837,Red
3837,3838,Red
3838,3839,Green
3839,3840,Red
3840,3841,Blue
3841,3842,Green
3842,3843,Red
3843,3844,Blue
3844,3845,Red
3845,3846,Green
3846,3847,Red
3847,3848,Red
3848,3849,Blue
3849,3850,Green
3850,3851,Red
3851,3852,Red
3852,3853,Green
3853,3854,Red
3854,3855,Blue
3855,3856,Green
3856,3857,Blue
3857,3858,Green
3858,3859,Green
3859,3860,Green
3860,3861,Red
3861,3862,Blue
3862,3863,Red
3863,3864,Blue
3864,3865,Green
3865,3866,Red
3866,3867,Green
3867,3868,Red
3868,3869,Red
3869,3870,Blue
3870,3871,Red
3871,3872,Blue
3872,3873,Red
3873,3874,Green
3874,3875,Red
3875,3876,Green
3876,3877,Blue
3877,3878,Green
3878,3879,Green
3879,3880,Green
3880,3881,Green
3881,3882,Blue
3882,3883,Blue
3883,3884,Green
3884,3885,Green
3885,3886,Green
3886,3887,Green
3887,3888,Red
3888,3889,Red
3889,3890,Green
3890,3891,Green
3891,3892,Red
3892,3893,Green
3893,3894,Blue
3894,3895,Green
3895,3896,Red
3896,3897,Blue
3897,3898,Red
3898,3899,Green
3899,3900,Blue
3900,3901,Green
3901,3902,Blue
3902,3903,Blue
3903,3904,Blue
3904,3905,Blue
3905,3906,Green
3906,3907,Red
3907,3908,Red
3908,3909,Green
3909,3910,Blue
3910,3911,Red
3911,3912,Blue
3912,3913,Green
3913,3914,Blue
3914,3915,Red
3915,3916,Red
3916,3917,Green
3917,3918,Green
3918,3919,Green
3919,3920,Green
3920,3921,Red
3921,3922,Red
3922,3923,Green
3923,3924,Green
3924,3925,Red
3925,3926,Red
3926,3927,Green
3927,3928,Green
3928,3929,Red
3929,3930,Blue
3930,3931,Green
3931,3932,Blue
3932,3933,Red
3933,3934,Blue
3934,3935,Red
3935,3936,Green
3936,3937,Red
3937,3938,Blue
3938,3939,Red
3939,3940,Green
3940,3941,Blue
3941,3942,Blue
3942,3943,Blue
3943,3944,Blue
3944,3945,Blue
3945,3946,Blue
3946,3947,Blue
3947,3948,Green
3948,3949,Blue
3949,3950,Blue
3950,3951,Blue
3951,3952,Green
3952,3953,Red
3953,3954,Blue
3954,3955,Blue
3955,3956,Green
3956,3957,Red
3957,3958,Green
3958,3959,Blue
3959,3960,Red
3960,3961,Green
3961,3962,Blue
3962,3963,Blue
3963,3964,Green
3964,3965,Green
3965,3966,Blue
3966,3967,Red
3967,3968,Green
3968,3969,Green
3969,3970,Red
3970,3971,Blue
3971,3972,Blue
3972,3973,Blue
3973,3974,Green
3974,3975,Red
3975,3976,Red
3976,3977,Green
3977,3978,Green
3978,3979,Blue
3979,3980,Blue
3980,3981,Green
3981,3982,Green
3982,3983,Blue
3983,3984,Red
3984,3985,Red
3985,3986,Red
3986,3987,Red
3987,3988,Red
3988,3989,Blue
3989,3990,Red
3990,3991,Red
3991,3992,Red
3992,3993,Blue
3993,3994,Blue
3994,3995,Blue
3995,3996,Blue
3996,3997,Red
3997,3998,Red
3998,3999,Blue
3999,4000,Red
4000,4001,Red
4001,4002,Red
4002,4003,Red
4003,4004,Blue
4004,4005,Green
4005,4006,Red
4006,4007,Green
4007,4008,Blue
4008,4009,Green
4009,4010,Blue
4010,4011,Red
4011,4012,Red
4012,4013,Blue
4013,4014,Red
4014,4015,Red
4015,4016,Red
4016,4017,Blue
4017,4018,Red
4018,4019,Blue
4019,4020,Green
4020,4021,Red
4021,4022,Green
4022,4023,Red
4023,4024,Red
4024,4025,Green
4025,4026,Blue
4026,4027,Green
4027,4028,Blue
4028,4029,Blue
4029,4030,Red
4030,4031,Red
4031,4032,Red
4032,4033,Blue
4033,4034,Blue
4034,4035,Blue
4035,4036,Blue
4036,4037,Blue
4037,4038,Red
4038,4039,Green
4039,4040,Red
4040,4041,Blue
4041,4042,Green
4042,4043,Blue
4043,4044,Green
4044,4045,Red
4045,4046,Green
4046,4047,Blue
4047,4048,Red
4048,4049,Blue
4049,4050,Green
4050,4051,Green
4051,4052,Red
4052,4053,Red
4053,4054,Red
4054,4055,Green
4055,4056,Green
4056,4057,Blue
4057,4058,Green
4058,4059,Red
4059,4060,Green
4060,4061,Red
4061,4062,Red
4062,4063,Red
4063,4064,Blue
4064,4065,Green
4065,4066,Green
4066,4067,Green
4067,4068,Green
4068,4069,Blue
4069,4070,Green
4070,4071,Green
4071,4072,Blue
4072,4073,Blue
4073,4074,Green
4074,4075,Green
4075,4076,Green
4076,4077,Red
4077,4078,Red
4078,4079,Green
4079,4080,Green
4080,4081,Green
4081,4082,Blue
4082,4083,Red
4083,4084,Green
4084,4085,Blue
4085,4086,Blue
4086,4087,Blue
4087,4088,Red
4088,4089,Red
4089,4090,Green
4090,4091,Blue
4091,4092,Green
4092,4093,Green
4093,4094,Green
4094,4095,Green
4095,4096,Green
4096,4097,Blue
4097,4098,Blue
4098,4099,Blue
4099,4100,Green
4100,4101,Blue
4101,4102,Red
4102,4103,Green
4103,4104,Red
4104,4105,Blue
4105,4106,Green
4106,4107,Green
4107,4108,Blue
4108,4109,Green
4109,4110,Green
4110,4111,Red
4111,4112,Red
4112,4113,Blue
4113,4114,Red
4114,4115,Blue
4115,4116,Red
4116,4117,Blue
4117,4118,Red
4118,4119,Green
4119,4120,Red
4120,4121,Blue
4121,4122,Green
4122,4123,Red
4123,4124,Blue
4124,4125,Red
4125,4126,Blue
4126,4127,Blue
4127,4128,Green
4128,4129,Green
4129,4130,Green
4130,4131,Green
4131,4132,Blue
4132,4133,Blue
4133,4134,Red
4134,4135,Red
4135,4136,Red
4136,4137,Red
4137,4138,Blue
4138,4139,Blue
4139,4140,Red
4140,4141,Blue
4141,4142,Red
4142,4143,Red
4143,4144,Red
4144,4145,Red
4145,4146,Red
4146,4147,Red
4147,4148,Red
4148,4149,Red
4149,4150,Blue
4150,4151,Blue
4151,4152,Green
4152,4153,Green
4153,4154,Blue
4154,4155,Blue
4155,4156,Green
4156,4157,Red
4157,4158,Blue
4158,4159,Green
4159,4160,Blue
4160,4161,Green
4161,4162,Red
4162,4163,Blue
4163,4164,Red
4164,4165,Red
4165,4166,Blue
4166,4167,Red
4167,4168,Green
4168,4169,Blue
4169,4170,Red
4170,4171,Red
4171,4172,Green
4172,4173,Green
4173,4174,Red
4174,4175,Red
4175,4176,Green
4176,4177,Blue
4177,4178,Green
4178,4179,Blue
4179,4180,Red
4180,4181,Red
4181,4182,Red
4182,4183,Green
4183,4184,Green
4184,4185,Blue
4185,4186,Red
4186,4187,Blue
4187,4188,Blue
4188,4189,Green
4189,4190,Blue
4190,4191,Red
4191,4192,Red
4192,4193,Red
4193,4194,Blue
4194,4195,Red
4195,4196,Blue
4196,4197,Blue
4197,4198,Green
4198,4199,Green
4199,4200,Green
4200,4201,Red
4201,4202,Blue
4202,4203,Green
4203,4204,Green
4204,4205,Blue
4205,4206,Blue
4206,4207,Blue
4207,4208,Red
4208,4209,Blue
4209,4210,Green
4210,4211,Green
4211,4212,Blue
4212,4213,Green
4213,4214,Blue
4214,4215,Blue
4215,4216,Green
4216,4217,Green
4217,4218,Blue
4218,4219,Red
4219,4220,Red
4220,4221,Green
4221,4222,Green
4222,4223,Blue
4223,4224,Blue
4224,4225,Red
4225,4226,Blue
4226,4227,Green
4227,4228,Blue
4228,4229,Blue
4229,4230,Green
4230,4231,Red
4231,4232,Blue
4232,4233,Blue
4233,4234,Blue
4234,4235,Green
4235,4236,Green
4236,4237,Blue
4237,4238,Blue
4238,4239,Green
4239,4240,Blue
4240,4241,Blue
4241,4242,Blue
4242,4243,Red
4243,4244,Red
4244,4245,Green
4245,4246,Red
4246,4247,Red
4247,4248,Red
4248,4249,Red
4249,4250,Red
4250,4251,Green
4251,4252,Blue
4252,4253,Green
4253,4254,Red
4254,4255,Red
4255,4256,Red
4256,4257,Green
4257,4258,Green
4258,4259,Green
4259,4260,Red
4260,4261,Green
4261,4262,Green
4262,4263,Blue
4263,4264,Green
4264,4265,Red
4265,4266,Red
4266,4267,Blue
4267,4268,Red
4268,4269,Green
4269,4270,Blue
4270,4271,Blue
4271,4272,Red
4272,4273,Blue
4273,4274,Green
4274,4275,Green
4275,4276,Green
4276,4277,Red
4277,4278,Blue
4278,4279,Blue
4279,4280,Green
4280,4281,Blue
4281,4282,Green
4282,4283,Green
4283,4284,Green
4284,4285,Red
4285,4286,Green
4286,4287,Green
4287,4288,Red
4288,4289,Blue
4289,4290,Green
4290,4291,Green
4291,4292,Blue
4292,4293,Green
4293,4294,Green
4294,4295,Blue
4295,4296,Green
4296,4297,Green
4297,4298,Red
4298,4299,Red
4299,4300,Blue
4300,4301,Green
4301,4302,Green
4302,4303,Green
4303,4304,Green
4304,4305,Blue
4305,4306,Red
4306,4307,Red
4307,4308,Green
4308,4309,Red
4309,4310,Red
4310,4311,Blue
4311,4312,Blue
4312,4313,Red
4313,4314,Green
4314,4315,Green
4315,4316,Blue
4316,4317,Blue
4317,4318,Red
4318,4319,Green
4319,4320,Blue
4320,4321,Blue
4321,4322,Blue
4322,4323,Green
4323,4324,Blue
4324,4325,Red
4325,4326,Red
4326,4327,Red
4327,4328,Green
4328,4329,Blue
4329,4330,Red
4330,4331,Green
4331,4332,Blue
4332,4333,Green
4333,4334,Red
4334,4335,Red
4335,4336,Red
4336,4337,Green
4337,4338,Green
4338,4339,Red
4339,4340,Blue
4340,4341,Green
4341,4342,Red
4342,4343,Green
4343,4344,Blue
4344,4345,Red
4345,4346,Green
4346,4347,Green
4347,4348,Blue
4348,4349,Green
4349,4350,Blue
4350,4351,Blue
4351,4352,Blue
4352,4353,Red
4353,4354,Red
4354,4355,Red
4355,4356,Red
4356,4357,Blue
4357,4358,Blue
4358,4359,Red
4359,4360,Blue
4360,4361,Red
4361,4362,Green
4362,4363,Green
4363,4364,Blue
4364,4365,Blue
4365,4366,Red
4366,4367,Red
4367,4368,Red
4368,4369,Green
4369,4370,Green
4370,4371,Red
4371,4372,Blue
4372,4373,Blue
4373,4374,Red
4374,4375,Blue
4375,4376,Green
4376,4377,Red
4377,4378,Red
4378,4379,Blue
4379,4380,Red
4380,4381,Blue
4381,4382,Red
4382,4383,Blue
4383,4384,Blue
4384,4385,Red
4385,4386,Blue
4386,4387,Blue
4387,4388,Blue
4388,4389,Red
4389,4390,Green
4390,4391,Green
4391,4392,Blue
4392,4393,Green
4393,4394,Blue
4394,4395,Green
4395,4396,Blue
4396,4397,Green
4397,4398,Green
4398,4399,Red
4399,4400,Blue
4400,4401,Red
4401,4402,Red
4402,4403,Green
4403,4404,Blue
4404,4405,Blue
4405,4406,Red
4406,4407,Red
4407,4408,Blue
4408,4409,Blue
4409,4410,Green
4410,4411,Red
4411,4412,Blue
4412,4413,Red
4413,4414,Green
4414,4415,Red
4415,4416,Green
4416,4417,Red
4417,4418,Blue
4418,4419,Green
4419,4420,Blue
4420,4421,Green
4421,4422,Blue
4422,4423,Green
4423,4424,Blue
4424,4425,Green
4425,4426,Red
4426,4427,Red
4427,4428,Green
4428,4429,Red
4429,4430,Blue
4430,4431,Blue
4431,4432,Green
4432,4433,Blue
4433,4434,Green
4434,4435,Blue
4435,4436,Red
4436,4437,Blue
4437,4438,Blue
4438,4439,Red
4439,4440,Blue
4440,4441,Green
4441,4442,Blue
4442,4443,Blue
4443,4444,Green
4444,4445,Green
4445,4446,Blue
4446,4447,Blue
4447,4448,Blue
4448,4449,Green
4449,4450,Green
4450,4451,Red
4451,4452,Blue
4452,4453,Blue
4453,4454,Red
4454,4455,Green
4455,4456,Red
4456,4457,Red
4457,4458,Green
4458,4459,Green
4459,4460,Red
4460,4461,Blue
4461,4462,Blue
4462,4463,Blue
4463,4464,Blue
4464,4465,Blue
4465,4466,Red
4466,4467,Green
4467,4468,Green
4468,4469,Red
4469,4470,Green
4470,4471,Green
4471,4472,Red
4472,4473,Green
4473,4474,Blue
4474,4475,Green
4475,4476,Blue
4476,4477,Blue
4477,4478,Red
4478,4479,Blue
4479,4480,Green
4480,4481,Green
4481,4482,Blue
4482,4483,Green
4483,4484,Green
4484,4485,Red
4485,4486,Green
4486,4487,Green
4487,4488,Red
4488,4489,Green
4489,4490,Red
4490,4491,Red
4491,4492,Blue
4492,4493,Red
4493,4494,Blue
4494,4495,Blue
4495,4496,Green
4496,4497,Red
4497,4498,Green
4498,4499,Green
4499,4500,Blue
4500,4501,Green
4501,4502,Green
4502,4503,Red
4503,4504,Blue
4504,4505,Blue
4505,4506,Green
4506,4507,Green
4507,4508,Green
4508,4509,Green
4509,4510,Red
4510,4511,Blue
4511,4512,Red
4512,4513,Blue
4513,4514,Blue
4514,4515,Red
4515,4516,Red
4516,4517,Red
4517,4518,Blue
4518,4519,Green
4519,4520,Green
4520,4521,Blue
4521,4522,Blue
4522,4523,Red
4523,4524,Red
4524,4525,Green
4525,4526,Red
4526,4527,Green
4527,4528,Green
4528,4529,Red
4529,4530,Green
4530,4531,Red
4531,4532,Red
4532,4533,Blue
4533,4534,Green
4534,4535,Blue
4535,4536,Blue
4536,4537,Red
4537,4538,Blue
4538,4539,Red
4539,4540,Red
4540,4541,Green
4541,4542,Green
4542,4543,Blue
4543,4544,Blue
4544,4545,Green
4545,4546,Blue
4546,4547,Red
4547,4548,Blue
4548,4549,Green
4549,4550,Red
4550,4551,Blue
4551,4552,Red
4552,4553,Green
4553,4554,Red
4554,4555,Blue
4555,4556,Blue
4556,4557,Red
4557,4558,Red
4558,4559,Green
4559,4560,Red
4560,4561,Green
4561,4562,Blue
4562,4563,Green
4563,4564,Red
4564,4565,Green
4565,4566,Blue
4566,4567,Red
4567,4568,Blue
4568,4569,Red
4569,4570,Red
4570,4571,Blue
4571,4572,Blue
4572,4573,Red
4573,4574,Green
4574,4575,Red
4575,4576,Green
4576,4577,Blue
4577,4578,Green
4578,4579,Blue
4579,4580,Red
4580,4581,Blue
4581,4582,Green
4582,4583,Red
4583,4584,Blue
4584,4585,Blue
4585,4586,Red
4586,4587,Red
4587,4588,Green
4588,4589,Green
4589,4590,Green
4590,4591,Red
4591,4592,Red
4592,4593,Blue
4593,4594,Red
4594,4595,Green
4595,4596,Green
4596,4597,Blue
4597,4598,Red
4598,4599,Blue
4599,4600,Green
4600,4601,Red
4601,4602,Red
4602,4603,Red
4603,4604,Blue
4604,4605,Red
4605,4606,Red
4606,4607,Blue
4607,4608,Blue
4608,4609,Blue
4609,4610,Blue
4610,4611,Green
4611,4612,Green
4612,4613,Green
4613,4614,Blue
4614,4615,Red
4615,4616,Red
4616,4617,Red
4617,4618,Blue
4618,4619,Blue
4619,4620,Blue
4620,4621,Red
4621,4622,Red
4622,4623,Red
4623,4624,Red
4624,4625,Red
4625,4626,Blue
4626,4627,Green
4627,4628,Green
4628,4629,Green
4629,4630,Green
4630,4631,Blue
4631,4632,Blue
4632,4633,Red
4633,4634,Blue
4634,4635,Red
4635,4636,Blue
4636,4637,Red
4637,4638,Green
4638,4639,Red
4639,4640,Blue
4640,4641,Red
4641,4642,Red
4642,4643,Green
4643,4644,Red
4644,4645,Blue
4645,4646,Red
4646,4647,Red
4647,4648,Green
4648,4649,Green
4649,4650,Red
4650,4651,Green
4651,4652,Blue
4652,4653,Green
4653,4654,Green
4654,4655,Blue
4655,4656,Green
4656,4657,Red
4657,4658,Red
4658,4659,Green
4659,4660,Blue
4660,4661,Blue
4661,4662,Red
4662,4663,Green
4663,4664,Green
4664,4665,Red
4665,4666,Red
4666,4667,Blue
4667,4668,Red
4668,4669,Blue
4669,4670,Blue
4670,4671,Blue
4671,4672,Green
4672,4673,Blue
4673,4674,Green
4674,4675,Blue
4675,4676,Red
4676,4677,Green
4677,4678,Blue
4678,4679,Red
4679,4680,Red
4680,4681,Green
4681,4682,Blue
4682,4683,Red
4683,4684,Red
4684,4685,Green
4685,4686,Blue
4686,4687,Blue
4687,4688,Green
4688,4689,Green
4689,4690,Red
4690,4691,Red
4691,4692,Blue
4692,4693,Blue
4693,4694,Green
4694,4695,Green
4695,4696,Green
4696,4697,Green
4697,4698,Red
4698,4699,Green
4699,4700,Red
4700,4701,Green
4701,4702,Blue
4702,4703,Red
4703,4704,Red
4704,4705,Green
4705,4706,Red
4706,4707,Blue
4707,4708,Blue
4708,4709,Green
4709,4710,Red
4710,4711,Red
4711,4712,Blue
4712,4713,Green
4713,4714,Green
4714,4715,Blue
4715,4716,Red
4716,4717,Blue
4717,4718,Blue
4718,4719,Red
4719,4720,Green
4720,4721,Red
4721,4722,Green
4722,4723,Red
4723,4724,Red
4724,4725,Blue
4725,4726,Blue
4726,4727,Red
4727,4728,Red
4728,4729,Red
4729,4730,Red
4730,4731,Red
4731,4732,Green
4732,4733,Green
4733,4734,Red
4734,4735,Red
4735,4736,Green
4736,4737,Red
4737,4738,Blue
4738,4739,Red
4739,4740,Green
4740,4741,Blue
4741,4742,Green
4742,4743,Blue
4743,4744,Red
4744,4745,Red
4745,4746,Blue
4746,4747,Green
4747,4748,Green
4748,4749,Red
4749,4750,Blue
4750,4751,Green
4751,4752,Red
4752,4753,Red
4753,4754,Red
4754,4755,Blue
4755,4756,Green
4756,4757,Red
4757,4758,Blue
4758,4759,Red
4759,4760,Blue
4760,4761,Blue
4761,4762,Red
4762,4763,Blue
4763,4764,Blue
4764,4765,Blue
4765,4766,Red
4766,4767,Green
4767,4768,Red
4768,4769,Green
4769,4770,Red
4770,4771,Green
4771,4772,Blue
4772,4773,Green
4773,4774,Green
4774,4775,Green
4775,4776,Red
4776,4777,Blue
4777,4778,Red
4778,4779,Green
4779,4780,Red
4780,4781,Red
4781,4782,Green
4782,4783,Red
4783,4784,Green
4784,4785,Red
4785,4786,Blue
4786,4787,Blue
4787,4788,Blue
4788,4789,Red
4789,4790,Red
4790,4791,Red
4791,4792,Green
4792,4793,Green
4793,4794,Blue
4794,4795,Green
4795,4796,Blue
4796,4797,Green
4797,4798,Green
4798,4799,Blue
4799,4800,Green
4800,4801,Red
4801,4802,Red
4802,4803,Blue
4803,4804,Red
4804,4805,Green
4805,4806,Blue
4806,4807,Green
4807,4808,Blue
4808,4809,Green
4809,4810,Green
4810,4811,Red
4811,4812,Green
4812,4813,Blue
4813,4814,Green
4814,4815,Red
4815,4816,Green
4816,4817,Green
4817,4818,Blue
4818,4819,Blue
4819,4820,Red
4820,4821,Green
4821,4822,Green
4822,4823,Green
4823,4824,Red
4824,4825,Blue
4825,4826,Green
4826,4827,Blue
4827,4828,Blue
4828,4829,Green
4829,4830,Green
4830,4831,Blue
4831,4832,Blue
4832,4833,Blue
4833,4834,Red
4834,4835,Green
4835,4836,Green
4836,4837,Red
4837,4838,Red
4838,4839,Red
4839,4840,Green
4840,4841,Blue
4841,4842,Green
4842,4843,Red
4843,4844,Green
4844,4845,Red
4845,4846,Red
4846,4847,Red
4847,4848,Red
4848,4849,Blue
4849,4850,Green
4850,4851,Red
4851,4852,Red
4852,4853,Green
4853,4854,Red
4854,4855,Red
4855,4856,Blue
4856,4857,Green
4857,4858,Red
4858,4859,Blue
4859,4860,Green
4860,4861,Green
4861,4862,Blue
4862,4863,Red
4863,4864,Red
4864,4865,Red
4865,4866,Blue
4866,4867,Blue
4867,4868,Green
4868,4869,Green
4869,4870,Red
4870,4871,Green
4871,4872,Blue
4872,4873,Blue
4873,4874,Blue
4874,4875,Blue
4875,4876,Blue
4876,4877,Red
4877,4878,Green
4878,4879,Blue
4879,4880,Blue
4880,4881,Red
4881,4882,Blue
4882,4883,Blue
4883,4884,Blue
4884,4885,Blue
4885,4886,Blue
4886,4887,Red
4887,4888,Blue
4888,4889,Blue
4889,4890,Red
4890,4891,Red
4891,4892,Red
4892,4893,Green
4893,4894,Red
4894,4895,Red
4895,4896,Green
4896,4897,Red
4897,4898,Blue
4898,4899,Red
4899,4900,Blue
4900,4901,Green
4901,4902,Blue
4902,4903,Red
4903,4904,Red
4904,4905,Red
4905,4906,Blue
4906,4907,Red
4907,4908,Green
4908,4909,Green
4909,4910,Green
4910,4911,Green
4911,4912,Green
4912,4913,Red
4913,4914,Green
4914,4915,Blue
4915,4916,Red
4916,4917,Red
4917,4918,Green
4918,4919,Red
4919,4920,Green
4920,4921,Red
4921,4922,Blue
4922,4923,Blue
4923,4924,Red
4924,4925,Red
4925,4926,Red
4926,4927,Blue
4927,4928,Green
4928,4929,Blue
4929,4930,Blue
4930,4931,Red
4931,4932,Red
4932,4933,Blue
4933,4934,Red
4934,4935,Green
4935,4936,Red
4936,4937,Red
4937,4938,Red
4938,4939,Blue
4939,4940,Blue
4940,4941,Red
4941,4942,Red
4942,4943,Blue
4943,4944,Green
4944,4945,Blue
4945,4946,Red
4946,4947,Green
4947,4948,Green
4948,4949,Red
4949,4950,Green
4950,4951,Blue
4951,4952,Blue
4952,4953,Green
4953,4954,Red
4954,4955,Red
4955,4956,Red
4956,4957,Red
4957,4958,Red
4958,4959,Green
4959,4960,Red
4960,4961,Red
4961,4962,Blue
4962,4963,Green
4963,4964,Red
4964,4965,Red
4965,4966,Blue
4966,4967,Blue
4967,4968,Blue
4968,4969,Blue
4969,4970,Red
4970,4971,Green
4971,4972,Green
4972,4973,Blue
4973,4974,Blue
4974,4975,Red
4975,4976,Red
4976,4977,Green
4977,4978,Red
4978,4979,Green
4979,4980,Green
4980,4981,Red
4981,4982,Blue
4982,4983,Blue
4983,4984,Blue
4984,4985,Red
4985,4986,Blue
4986,4987,Green
4987,4988,Red
4988,4989,Green
4989,4990,Red
4990,4991,Blue
4991,4992,Red
4992,4993,Blue
4993,4994,Red
4994,4995,Green
4995,4996,Blue
4996,4997,Blue
4997,4998,Red
4998,4999,Green
4999,5000,Green
