sold_id,sneakerid_id
80001,3102
80002,1037
80003,4950
80004,6850
80005,2538
80006,6826
80007,925
80008,3619
80009,1335
80010,1290
80011,5908
80012,2991
80013,5147
80014,4746
80015,1777
80016,4164
80017,2308
80018,3975
80019,681
80020,2082
80021,6297
80022,1390
80023,4730
80024,3384
80025,5112
80026,1484
80027,2261
80028,4342
80029,4694
80030,5123
80031,4128
80032,4228
80033,3238
80034,364
80035,1190
80036,3757
80037,34
80038,3580
80039,2177
80040,5272
80041,2775
80042,39
80043,3797
80044,2002
80045,4117
80046,5311
80047,6137
80048,2350
80049,6050
80050,622
80051,5920
80052,4663
80053,653
80054,3845
80055,5123
80056,4649
80057,627
80058,2583
80059,4076
80060,1783
80061,4213
80062,2382
80063,3745
80064,1932
80065,3828
80066,530
80067,5911
80068,6915
80069,1765
80070,6242
80071,1565
80072,2099
80073,847
80074,1207
80075,6136
80076,100
80077,2805
80078,480
80079,6080
80080,4445
80081,5583
80082,736
80083,6620
80084,1425
80085,5474
80086,3028
80087,2393
80088,1411
80089,6946
80090,3124
80091,3762
80092,305
80093,6386
80094,5333
80095,4679
80096,974
80097,6299
80098,6069
80099,5774
80100,2660
80101,6130
80102,6521
80103,5094
80104,6845
80105,2557
80106,6542
80107,2886
80108,5806
80109,1723
80110,2768
80111,803
80112,3253
80113,6236
80114,3498
80115,1247
80116,6858
80117,556
80118,2274
80119,658
80120,5995
80121,82
80122,1810
80123,2523
80124,2981
80125,2932
80126,4052
80127,3009
80128,3532
80129,239
80130,4295
80131,1885
80132,3628
80133,848
80134,2823
80135,3861
80136,6910
80137,3158
80138,5480
80139,626
80140,1590
80141,887
80142,109
80143,4375
80144,4435
80145,2373
80146,2493
80147,1903
80148,1399
80149,827
80150,5064
80151,5538
80152,3625
80153,3943
80154,4679
80155,4787
80156,2735
80157,4179
80158,580
80159,1991
80160,3959
80161,4829
80162,2721
80163,3500
80164,625
80165,4385
80166,374
80167,4119
80168,6077
80169,3735
80170,6205
80171,2426
80172,6335
80173,6917
80174,4186
80175,5044
80176,1164
80177,3493
80178,4421
80179,6952
80180,5062
80181,3627
80182,473
80183,438
80184,6917
80185,4547
80186,6534
80187,6749
80188,5013
80189,3026
80190,4166
80191,4986
80192,4512
80193,4367
80194,3821
80195,6129
80196,6917
80197,435
80198,2747
80199,5943
80200,1635
80201,787
80202,5872
80203,5240
80204,5383
80205,1895
80206,6495
80207,3551
80208,5122
80209,6356
80210,5834
80211,4818
80212,783
80213,2816
80214,3394
80215,2049
80216,4387
80217,367
80218,5410
80219,6547
80220,3874
80221,6156
80222,3988
80223,7068
80224,4977
80225,1974
80226,2518
80227,2972
80228,1163
80229,5722
80230,765
80231,5796
80232,957
80233,6063
80234,76
80235,1869
80236,4554
80237,2052
80238,5114
80239,110
80240,5664
80241,3747
80242,922
80243,4974
80244,3415
80245,2052
80246,3378
80247,1363
80248,4586
80249,7055
80250,1934
80251,1719
80252,2506
80253,3026
80254,3242
80255,4983
80256,4291
80257,6217
80258,2145
80259,2291
80260,5551
80261,2200
80262,4978
80263,3301
80264,648
80265,2605
80266,6233
80267,1327
80268,402
80269,6276
80270,2378
80271,1257
80272,4530
80273,5123
80274,6850
80275,3037
80276,6345
80277,767
80278,2072
80279,2119
80280,679
80281,221
80282,3084
80283,6895
80284,401
80285,1154
80286,5342
80287,6411
80288,3533
80289,365
80290,819
80291,2802
80292,3485
80293,4383
80294,4218
80295,2116
80296,4069
80297,2852
80298,7
80299,4510
80300,3447
80301,6091
80302,4464
80303,4363
80304,6522
80305,3919
80306,6176
80307,1750
80308,6138
80309,3038
80310,1083
80311,2327
80312,5153
80313,2511
80314,2219
80315,4845
80316,1927
80317,6056
80318,460
80319,3511
80320,4926
80321,6388
80322,6229
80323,3286
80324,5393
80325,6419
80326,4777
80327,2168
80328,3003
80329,6569
80330,675
80331,5255
80332,3791
80333,118
80334,786
80335,5536
80336,373
80337,6067
80338,1631
80339,2004
80340,4477
80341,1435
80342,5231
80343,2435
80344,777
80345,5775
80346,5215
80347,1690
80348,3239
80349,4822
80350,2567
80351,3725
80352,1824
80353,6542
80354,2091
80355,3503
80356,5898
80357,6649
80358,4089
80359,5912
80360,2375
80361,6970
80362,6697
80363,2898
80364,5972
80365,950
80366,5663
80367,297
80368,3469
80369,3072
80370,6573
80371,484
80372,4583
80373,4528
80374,2775
80375,4634
80376,4393
80377,1602
80378,6917
80379,4765
80380,5481
80381,591
80382,6054
80383,6580
80384,6255
80385,86
80386,4322
80387,4998
80388,6633
80389,4661
80390,5067
80391,6056
80392,6754
80393,4814
80394,4762
80395,5016
80396,3541
80397,6470
80398,6611
80399,771
80400,6755
80401,369
80402,6106
80403,5558
80404,4826
80405,5134
80406,5546
80407,6619
80408,6392
80409,809
80410,4278
80411,3114
80412,4495
80413,2583
80414,5710
80415,1649
80416,5412
80417,3023
80418,6829
80419,3905
80420,5288
80421,5139
80422,5258
80423,1255
80424,5229
80425,124
80426,6743
80427,273
80428,2754
80429,4611
80430,276
80431,6390
80432,842
80433,1337
80434,1589
80435,4578
80436,135
80437,3826
80438,4870
80439,1203
80440,5667
80441,5100
80442,5857
80443,146
80444,2136
80445,2622
80446,2339
80447,2981
80448,2644
80449,1937
80450,3049
80451,6185
80452,3893
80453,3215
80454,967
80455,4737
80456,5600
80457,5284
80458,4498
80459,2938
80460,3298
80461,5656
80462,5797
80463,597
80464,4509
80465,3042
80466,6729
80467,1252
80468,2697
80469,6768
80470,6955
80471,1253
80472,4933
80473,6623
80474,6942
80475,3488
80476,527
80477,2429
80478,4042
80479,2594
80480,96
80481,2048
80482,5425
80483,6123
80484,1175
80485,6589
80486,4880
80487,3957
80488,2732
80489,4644
80490,1766
80491,5123
80492,592
80493,5969
80494,5386
80495,5520
80496,2715
80497,1972
80498,2434
80499,3211
80500,5338
80501,3512
80502,4783
80503,3623
80504,5399
80505,3335
80506,1029
80507,5886
80508,2407
80509,72
80510,2563
80511,243
80512,6617
80513,2376
80514,876
80515,5675
80516,6147
80517,622
80518,4969
80519,6276
80520,5439
80521,5566
80522,6523
80523,6902
80524,4715
80525,6748
80526,6381
80527,6830
80528,4771
80529,4887
80530,1699
80531,6060
80532,469
80533,415
80534,1824
80535,5345
80536,3929
80537,1532
80538,1755
80539,6244
80540,4147
80541,4324
80542,5473
80543,1056
80544,6761
80545,5781
80546,2516
80547,1551
80548,309
80549,887
80550,809
80551,5932
80552,3641
80553,1023
80554,2476
80555,1646
80556,2178
80557,3663
80558,5233
80559,6082
80560,6046
80561,4568
80562,2244
80563,6487
80564,2875
80565,4578
80566,6956
80567,1628
80568,3288
80569,6608
80570,5133
80571,2916
80572,483
80573,1642
80574,163
80575,6201
80576,5829
80577,4555
80578,1050
80579,488
80580,5290
80581,6621
80582,1946
80583,2614
80584,5011
80585,5731
80586,5884
80587,2069
80588,2436
80589,5133
80590,11
80591,4369
80592,689
80593,1921
80594,6680
80595,5905
80596,3501
80597,116
80598,2656
80599,2416
80600,3852
80601,1175
80602,2889
80603,6692
80604,4345
80605,110
80606,4365
80607,3191
80608,6606
80609,3049
80610,6746
80611,1508
80612,1058
80613,1295
80614,5592
80615,1339
80616,6654
80617,2633
80618,3082
80619,1717
80620,1698
80621,685
80622,3954
80623,2222
80624,6102
80625,2174
80626,5255
80627,4435
80628,1062
80629,492
80630,5656
80631,50
80632,2622
80633,129
80634,5798
80635,1575
80636,4657
80637,4593
80638,5698
80639,1535
80640,719
80641,6638
80642,1814
80643,2900
80644,795
80645,5342
80646,6156
80647,3304
80648,5891
80649,3532
80650,3786
80651,3969
80652,1815
80653,6886
80654,183
80655,6429
80656,1569
80657,6131
80658,5498
80659,5844
80660,3174
80661,4100
80662,2528
80663,1170
80664,1325
80665,4671
80666,4443
80667,5326
80668,4949
80669,2796
80670,886
80671,3384
80672,4093
80673,1982
80674,1222
80675,3345
80676,5798
80677,1373
80678,6965
80679,4404
80680,3527
80681,2464
80682,6254
80683,5236
80684,1259
80685,6210
80686,3307
80687,3408
80688,5839
80689,2036
80690,6005
80691,4795
80692,1996
80693,6177
80694,615
80695,5840
80696,7029
80697,2618
80698,2827
80699,833
80700,2301
80701,3558
80702,3029
80703,2023
80704,2403
80705,600
80706,554
80707,2975
80708,3962
80709,677
80710,2454
80711,503
80712,1331
80713,5385
80714,3203
80715,838
80716,4312
80717,4191
80718,3662
80719,1652
80720,3153
80721,5809
80722,375
80723,562
80724,695
80725,4432
80726,3958
80727,1436
80728,3977
80729,3893
80730,5427
80731,4087
80732,5652
80733,827
80734,3409
80735,1024
80736,6356
80737,5719
80738,3080
80739,219
80740,4841
80741,6685
80742,916
80743,2616
80744,2316
80745,3779
80746,5167
80747,3322
80748,2462
80749,4675
80750,3869
80751,6116
80752,2249
80753,6828
80754,1786
80755,889
80756,6867
80757,5639
80758,3553
80759,7047
80760,1136
80761,5006
80762,2442
80763,2445
80764,4583
80765,432
80766,6715
80767,5064
80768,5948
80769,373
80770,2352
80771,413
80772,4649
80773,3697
80774,5351
80775,4998
80776,3137
80777,4879
80778,2678
80779,3053
80780,3495
80781,5240
80782,1253
80783,5187
80784,3115
80785,513
80786,6597
80787,5019
80788,1656
80789,6359
80790,3698
80791,1487
80792,3095
80793,3605
80794,597
80795,4011
80796,6865
80797,1940
80798,3501
80799,1688
80800,4310
80801,1608
80802,5345
80803,574
80804,5871
80805,2733
80806,3662
80807,1956
80808,5864
80809,6029
80810,6028
80811,350
80812,3518
80813,495
80814,1718
80815,2617
80816,1171
80817,5442
80818,5412
80819,5346
80820,1292
80821,5675
80822,5521
80823,249
80824,2946
80825,1713
80826,165
80827,1265
80828,662
80829,4575
80830,5881
80831,346
80832,241
80833,566
80834,4509
80835,2538
80836,2643
80837,1485
80838,2852
80839,4946
80840,2595
80841,5799
80842,684
80843,594
80844,6803
80845,1242
80846,661
80847,5774
80848,6458
80849,2366
80850,6473
80851,5157
80852,3038
80853,7053
80854,105
80855,4115
80856,4233
80857,614
80858,2051
80859,1282
80860,3316
80861,556
80862,4013
80863,5024
80864,3292
80865,2060
80866,1489
80867,2901
80868,3254
80869,5107
80870,2158
80871,1902
80872,2352
80873,5394
80874,5582
80875,15
80876,5192
80877,1868
80878,2267
80879,561
80880,876
80881,5992
80882,4204
80883,2868
80884,2144
80885,5479
80886,6172
80887,7035
80888,4466
80889,3414
80890,5410
80891,5586
80892,1242
80893,5861
80894,2789
80895,4407
80896,5422
80897,271
80898,2104
80899,1934
80900,3050
80901,4255
80902,1371
80903,2410
80904,5290
80905,3979
80906,4827
80907,5872
80908,1527
80909,4650
80910,4298
80911,1806
80912,6684
80913,6171
80914,3477
80915,1073
80916,2082
80917,6456
80918,5237
80919,5148
80920,5843
80921,35
80922,5572
80923,2789
80924,5006
80925,5410
80926,7007
80927,6564
80928,844
80929,1864
80930,6325
80931,439
80932,4110
80933,3260
80934,3048
80935,1634
80936,5759
80937,4702
80938,2529
80939,5420
80940,5339
80941,5633
80942,364
80943,4940
80944,4738
80945,2771
80946,3329
80947,2688
80948,1768
80949,5533
80950,3442
80951,1640
80952,6298
80953,3615
80954,3813
80955,2785
80956,4858
80957,797
80958,4765
80959,1859
80960,142
80961,3125
80962,142
80963,1821
80964,6173
80965,5336
80966,3712
80967,4260
80968,228
80969,6569
80970,6245
80971,4867
80972,817
80973,6347
80974,7069
80975,6293
80976,4026
80977,1914
80978,2899
80979,2310
80980,2714
80981,1986
80982,769
80983,3025
80984,3640
80985,5891
80986,7001
80987,1614
80988,576
80989,5342
80990,1994
80991,4853
80992,1797
80993,1513
80994,2316
80995,6547
80996,5179
80997,902
80998,3251
80999,6693
81000,563
81001,2823
81002,12
81003,3731
81004,5840
81005,3372
81006,25
81007,1870
81008,841
81009,1450
81010,3683
81011,2220
81012,115
81013,4438
81014,6664
81015,1331
81016,5694
81017,1893
81018,5699
81019,264
81020,4889
81021,117
81022,4526
81023,5882
81024,6946
81025,2007
81026,3037
81027,1445
81028,6100
81029,377
81030,4755
81031,5908
81032,4089
81033,188
81034,4581
81035,519
81036,4110
81037,302
81038,4178
81039,799
81040,2135
81041,1730
81042,6508
81043,6863
81044,6836
81045,4686
81046,4253
81047,306
81048,1132
81049,648
81050,2228
81051,3391
81052,6075
81053,1024
81054,3557
81055,1370
81056,6559
81057,2803
81058,5683
81059,3394
81060,1511
81061,3133
81062,5112
81063,4989
81064,2836
81065,618
81066,1797
81067,5809
81068,2521
81069,3164
81070,2991
81071,4770
81072,549
81073,6529
81074,4067
81075,1329
81076,4416
81077,5953
81078,5838
81079,3827
81080,5954
81081,4431
81082,6818
81083,1640
81084,5472
81085,4291
81086,3696
81087,6519
81088,1057
81089,4669
81090,4516
81091,4730
81092,1767
81093,1
81094,3370
81095,3265
81096,6318
81097,1549
81098,3128
81099,5191
81100,2833
81101,3209
81102,5898
81103,4938
81104,4221
81105,3310
81106,4915
81107,3357
81108,148
81109,6832
81110,4057
81111,2974
81112,3582
81113,6611
81114,3561
81115,4693
81116,6936
81117,5831
81118,2050
81119,3502
81120,6992
81121,4748
81122,4976
81123,3421
81124,6596
81125,6368
81126,2790
81127,3103
81128,2243
81129,231
81130,3883
81131,6938
81132,5679
81133,4370
81134,483
81135,4091
81136,4134
81137,2520
81138,3831
81139,2287
81140,1653
81141,4959
81142,4084
81143,2284
81144,217
81145,1727
81146,325
81147,7011
81148,5230
81149,4700
81150,1103
81151,286
81152,1915
81153,1680
81154,5391
81155,345
81156,4920
81157,3891
81158,5935
81159,243
81160,5034
81161,1689
81162,2539
81163,406
81164,2802
81165,442
81166,5698
81167,838
81168,466
81169,6937
81170,4886
81171,3333
81172,3020
81173,5826
81174,766
81175,6343
81176,3188
81177,1021
81178,604
81179,5469
81180,4052
81181,6960
81182,6161
81183,1358
81184,3796
81185,1517
81186,1639
81187,6374
81188,4549
81189,2212
81190,4278
81191,4555
81192,1852
81193,1364
81194,298
81195,4803
81196,6162
81197,6402
81198,639
81199,3796
81200,2805
81201,15
81202,689
81203,4343
81204,3837
81205,4541
81206,5189
81207,7067
81208,5560
81209,5202
81210,2489
81211,6348
81212,6017
81213,3139
81214,5675
81215,5841
81216,902
81217,5709
81218,5929
81219,867
81220,2103
81221,3506
81222,295
81223,3354
81224,2466
81225,6249
81226,1333
81227,882
81228,511
81229,3759
81230,4655
81231,4664
81232,1289
81233,1693
81234,2406
81235,1731
81236,3829
81237,3520
81238,231
81239,6378
81240,4959
81241,518
81242,6772
81243,3852
81244,2059
81245,1301
81246,5618
81247,50
81248,4477
81249,4528
81250,2542
81251,4759
81252,4173
81253,2294
81254,6992
81255,3669
81256,4882
81257,6556
81258,6189
81259,2574
81260,1302
81261,368
81262,6724
81263,4596
81264,879
81265,1332
81266,925
81267,5577
81268,427
81269,4038
81270,3840
81271,2907
81272,3016
81273,5892
81274,5633
81275,2530
81276,6508
81277,5543
81278,5784
81279,6828
81280,6353
81281,6136
81282,3325
81283,6529
81284,1007
81285,106
81286,4843
81287,6685
81288,6300
81289,3144
81290,1296
81291,3491
81292,5633
81293,717
81294,6130
81295,2841
81296,4138
81297,1709
81298,115
81299,5898
81300,2929
81301,3896
81302,2843
81303,4582
81304,4987
81305,1605
81306,212
81307,975
81308,3144
81309,6677
81310,4038
81311,7043
81312,7024
81313,5499
81314,4847
81315,6632
81316,4283
81317,2584
81318,6656
81319,5124
81320,6710
81321,5570
81322,419
81323,922
81324,4844
81325,5042
81326,1316
81327,2709
81328,2418
81329,4660
81330,79
81331,1323
81332,6576
81333,6023
81334,199
81335,1924
81336,4297
81337,155
81338,3259
81339,4153
81340,621
81341,4352
81342,6890
81343,684
81344,6724
81345,2741
81346,6838
81347,2565
81348,490
81349,3354
81350,3555
81351,5367
81352,3837
81353,855
81354,5337
81355,1602
81356,619
81357,4384
81358,3759
81359,3257
81360,5889
81361,3269
81362,6946
81363,2899
81364,6144
81365,6162
81366,1957
81367,6192
81368,1108
81369,3502
81370,6671
81371,5805
81372,6964
81373,3653
81374,6396
81375,6756
81376,4478
81377,5052
81378,6509
81379,2580
81380,4107
81381,3391
81382,1421
81383,6713
81384,6965
81385,1607
81386,5882
81387,1149
81388,6437
81389,5142
81390,6300
81391,3132
81392,891
81393,1063
81394,78
81395,4789
81396,2937
81397,4854
81398,6537
81399,3968
81400,2095
81401,1930
81402,3955
81403,4147
81404,4871
81405,500
81406,1868
81407,5248
81408,2342
81409,1283
81410,3865
81411,4970
81412,6096
81413,1417
81414,3437
81415,155
81416,6350
81417,3343
81418,1247
81419,1134
81420,3512
81421,4803
81422,3507
81423,411
81424,5228
81425,3014
81426,4386
81427,6092
81428,6340
81429,2883
81430,2214
81431,4656
81432,2731
81433,1575
81434,4499
81435,594
81436,1299
81437,729
81438,4561
81439,5682
81440,5099
81441,782
81442,4053
81443,2679
81444,2422
81445,1786
81446,3436
81447,2022
81448,810
81449,6962
81450,5680
81451,6219
81452,4382
81453,1080
81454,4446
81455,6987
81456,1683
81457,1993
81458,1495
81459,5789
81460,467
81461,4340
81462,4149
81463,4190
81464,2170
81465,2756
81466,5702
81467,3766
81468,259
81469,358
81470,6113
81471,2715
81472,2737
81473,1455
81474,6961
81475,5966
81476,4487
81477,3475
81478,4100
81479,2560
81480,2982
81481,3887
81482,4800
81483,6450
81484,2089
81485,5060
81486,4454
81487,5114
81488,3223
81489,6895
81490,1672
81491,3354
81492,3861
81493,4266
81494,6969
81495,2889
81496,1720
81497,6601
81498,1545
81499,577
81500,3144
81501,6173
81502,1977
81503,264
81504,1075
81505,6340
81506,3372
81507,7025
81508,6074
81509,4728
81510,3248
81511,6019
81512,7034
81513,5366
81514,2165
81515,4050
81516,3130
81517,5151
81518,6664
81519,4728
81520,2830
81521,1948
81522,1946
81523,5040
81524,6296
81525,1571
81526,1834
81527,5435
81528,6805
81529,6658
81530,795
81531,2213
81532,1858
81533,6354
81534,1257
81535,2888
81536,3714
81537,4306
81538,5293
81539,302
81540,6469
81541,5227
81542,1761
81543,614
81544,888
81545,6969
81546,2902
81547,3443
81548,6449
81549,6985
81550,4047
81551,3354
81552,5525
81553,3847
81554,1388
81555,5062
81556,2841
81557,1338
81558,2839
81559,3054
81560,417
81561,3557
81562,6329
81563,3316
81564,1478
81565,6960
81566,5236
81567,3272
81568,1874
81569,5041
81570,6206
81571,5090
81572,3404
81573,2598
81574,5795
81575,4049
81576,4931
81577,4922
81578,3856
81579,5656
81580,5784
81581,2687
81582,4652
81583,1197
81584,683
81585,5154
81586,5242
81587,531
81588,4030
81589,6966
81590,6228
81591,6092
81592,4192
81593,4115
81594,3893
81595,2346
81596,551
81597,6662
81598,2584
81599,4076
81600,6224
81601,236
81602,1429
81603,3676
81604,4612
81605,5752
81606,2697
81607,1525
81608,3492
81609,3564
81610,5714
81611,4597
81612,3034
81613,5908
81614,1658
81615,6569
81616,240
81617,4710
81618,1462
81619,560
81620,3562
81621,2488
81622,2785
81623,5790
81624,3047
81625,4234
81626,334
81627,5787
81628,510
81629,6209
81630,3693
81631,3992
81632,2086
81633,5917
81634,6897
81635,5833
81636,6270
81637,2081
81638,4112
81639,4270
81640,6645
81641,1932
81642,489
81643,5240
81644,939
81645,4323
81646,6182
81647,708
81648,4948
81649,3976
81650,2140
81651,4033
81652,6055
81653,3086
81654,5776
81655,6618
81656,2467
81657,2913
81658,5363
81659,1394
81660,3665
81661,6250
81662,6668
81663,4654
81664,5853
81665,6546
81666,545
81667,2191
81668,2874
81669,2393
81670,2961
81671,4557
81672,1023
81673,1098
81674,4604
81675,5307
81676,4024
81677,4921
81678,6647
81679,2640
81680,4414
81681,5781
81682,3037
81683,7021
81684,4475
81685,3502
81686,1590
81687,4314
81688,1697
81689,1277
81690,3827
81691,1977
81692,6270
81693,1425
81694,4425
81695,3447
81696,5645
81697,4264
81698,4780
81699,5100
81700,3927
81701,2952
81702,2924
81703,805
81704,4890
81705,6089
81706,1412
81707,2227
81708,850
81709,5765
81710,6243
81711,2444
81712,259
81713,3113
81714,2030
81715,2122
81716,5566
81717,2436
81718,6721
81719,286
81720,6804
81721,5093
81722,4622
81723,5014
81724,5558
81725,2103
81726,2542
81727,2019
81728,664
81729,467
81730,2229
81731,1138
81732,2320
81733,32
81734,2552
81735,2658
81736,5635
81737,617
81738,1287
81739,3141
81740,5279
81741,6298
81742,5050
81743,2728
81744,6893
81745,4685
81746,1160
81747,2872
81748,4341
81749,5977
81750,7066
81751,2656
81752,2017
81753,1786
81754,6271
81755,2461
81756,4085
81757,6747
81758,2183
81759,1595
81760,1863
81761,4160
81762,6179
81763,4019
81764,1998
81765,7053
81766,4158
81767,2854
81768,1042
81769,5631
81770,432
81771,2188
81772,784
81773,2235
81774,3277
81775,2129
81776,3221
81777,6468
81778,5731
81779,222
81780,2757
81781,3390
81782,645
81783,2170
81784,6730
81785,816
81786,3599
81787,1631
81788,1680
81789,1492
81790,4196
81791,3121
81792,2279
81793,4551
81794,6730
81795,4697
81796,3168
81797,6484
81798,1542
81799,5664
81800,7008
81801,845
81802,4721
81803,4288
81804,5904
81805,4830
81806,4970
81807,6879
81808,2479
81809,2835
81810,3562
81811,3957
81812,4389
81813,2049
81814,1851
81815,3384
81816,5976
81817,4051
81818,3455
81819,5462
81820,855
81821,1595
81822,3681
81823,306
81824,4804
81825,4062
81826,2287
81827,606
81828,1917
81829,5566
81830,1667
81831,6915
81832,4128
81833,6571
81834,5197
81835,829
81836,3504
81837,6652
81838,5785
81839,6024
81840,2363
81841,3423
81842,1232
81843,801
81844,113
81845,3969
81846,5410
81847,5713
81848,4915
81849,3651
81850,3562
81851,5268
81852,1382
81853,3863
81854,2907
81855,5443
81856,6518
81857,2565
81858,2536
81859,2471
81860,2113
81861,2244
81862,4832
81863,253
81864,3871
81865,744
81866,212
81867,3047
81868,3796
81869,3999
81870,5504
81871,2394
81872,3960
81873,2756
81874,3680
81875,542
81876,6607
81877,3052
81878,5070
81879,3900
81880,6924
81881,5927
81882,3053
81883,759
81884,1725
81885,6818
81886,670
81887,536
81888,3942
81889,3186
81890,2587
81891,2571
81892,2024
81893,2671
81894,581
81895,6110
81896,4252
81897,4892
81898,3601
81899,6701
81900,5575
81901,1670
81902,1808
81903,1954
81904,3912
81905,3267
81906,3643
81907,4818
81908,2673
81909,1380
81910,3186
81911,5018
81912,578
81913,6321
81914,103
81915,2648
81916,2890
81917,6899
81918,5738
81919,6415
81920,2643
81921,1550
81922,808
81923,5854
81924,3841
81925,5820
81926,847
81927,4939
81928,4750
81929,4368
81930,6691
81931,2242
81932,2201
81933,5965
81934,6702
81935,4758
81936,4205
81937,723
81938,4437
81939,2452
81940,6358
81941,1585
81942,5184
81943,1415
81944,3455
81945,2478
81946,3801
81947,40
81948,1006
81949,5831
81950,3715
81951,2336
81952,829
81953,3160
81954,6958
81955,3972
81956,1178
81957,2526
81958,3238
81959,5845
81960,3299
81961,126
81962,2445
81963,2399
81964,5872
81965,6640
81966,1733
81967,1542
81968,790
81969,5134
81970,3904
81971,6765
81972,2537
81973,5443
81974,3560
81975,3214
81976,2151
81977,899
81978,3174
81979,2625
81980,6253
81981,3197
81982,1664
81983,1011
81984,4296
81985,3907
81986,3350
81987,4590
81988,3492
81989,3290
81990,2469
81991,4567
81992,84
81993,4014
81994,5470
81995,73
81996,5660
81997,4131
81998,4883
81999,3620
82000,3327
82001,4491
82002,566
82003,4868
82004,3410
82005,4847
82006,6494
82007,2443
82008,4870
82009,2633
82010,3204
82011,6165
82012,2956
82013,6602
82014,32
82015,5733
82016,6314
82017,683
82018,3234
82019,414
82020,617
82021,1923
82022,1061
82023,3950
82024,2072
82025,3731
82026,2526
82027,5758
82028,3200
82029,2055
82030,1729
82031,6256
82032,312
82033,1208
82034,727
82035,6756
82036,5842
82037,1788
82038,5992
82039,4284
82040,4462
82041,4569
82042,3932
82043,3661
82044,5544
82045,1596
82046,5102
82047,6597
82048,4638
82049,563
82050,2632
82051,2654
82052,5952
82053,6737
82054,2293
82055,1591
82056,661
82057,2312
82058,7014
82059,2257
82060,1397
82061,2207
82062,4752
82063,5240
82064,5531
82065,1202
82066,1676
82067,3384
82068,854
82069,1290
82070,4682
82071,5278
82072,414
82073,6518
82074,6242
82075,5297
82076,1077
82077,7023
82078,3026
82079,4274
82080,4004
82081,196
82082,4838
82083,1163
82084,5393
82085,535
82086,1535
82087,1029
82088,156
82089,5620
82090,3162
82091,3606
82092,1982
82093,142
82094,7069
82095,746
82096,4380
82097,4515
82098,5197
82099,5873
82100,6373
82101,6813
82102,5687
82103,5088
82104,4374
82105,47
82106,5847
82107,6541
82108,525
82109,4668
82110,2123
82111,2509
82112,507
82113,2678
82114,6671
82115,72
82116,6284
82117,6108
82118,1972
82119,5054
82120,6987
82121,1665
82122,397
82123,330
82124,6620
82125,6563
82126,6927
82127,4108
82128,742
82129,4014
82130,6273
82131,2755
82132,3038
82133,1995
82134,4420
82135,6571
82136,6914
82137,852
82138,2027
82139,4385
82140,648
82141,3908
82142,7042
82143,1594
82144,1805
82145,5179
82146,5458
82147,5626
82148,3974
82149,999
82150,447
82151,336
82152,6848
82153,6816
82154,6988
82155,333
82156,1440
82157,3162
82158,6218
82159,459
82160,5545
82161,2757
82162,2473
82163,7069
82164,6567
82165,543
82166,25
82167,3286
82168,840
82169,2780
82170,1458
82171,1688
82172,4144
82173,5001
82174,2150
82175,1936
82176,6785
82177,4090
82178,3677
82179,5199
82180,4043
82181,1986
82182,1939
82183,103
82184,5176
82185,5832
82186,3472
82187,1844
82188,6405
82189,5249
82190,2371
82191,912
82192,2210
82193,4352
82194,5632
82195,471
82196,5290
82197,3770
82198,1429
82199,1900
82200,6638
82201,6350
82202,1486
82203,2675
82204,1321
82205,5080
82206,3997
82207,3399
82208,3293
82209,4751
82210,1349
82211,4669
82212,6241
82213,1268
82214,5706
82215,2024
82216,6304
82217,1386
82218,2663
82219,4328
82220,1193
82221,4217
82222,6692
82223,3006
82224,626
82225,4359
82226,4261
82227,3021
82228,774
82229,6619
82230,1347
82231,2982
82232,1760
82233,5490
82234,5869
82235,3655
82236,917
82237,1640
82238,2119
82239,1485
82240,5058
82241,705
82242,4304
82243,3938
82244,2194
82245,4598
82246,760
82247,3384
82248,2256
82249,2672
82250,3529
82251,5242
82252,511
82253,389
82254,6491
82255,143
82256,5713
82257,982
82258,1575
82259,1989
82260,4595
82261,6722
82262,9
82263,2769
82264,2961
82265,1084
82266,3643
82267,3023
82268,989
82269,6819
82270,3406
82271,1524
82272,7042
82273,1134
82274,5284
82275,6197
82276,6554
82277,887
82278,3178
82279,5551
82280,6593
82281,4384
82282,6793
82283,1541
82284,1885
82285,2247
82286,2542
82287,283
82288,2698
82289,5507
82290,107
82291,1816
82292,2399
82293,2910
82294,3186
82295,3220
82296,4184
82297,3050
82298,350
82299,2741
82300,2838
82301,834
82302,6058
82303,1169
82304,605
82305,3553
82306,52
82307,2977
82308,1989
82309,6024
82310,6836
82311,1413
82312,381
82313,4429
82314,4638
82315,2499
82316,7032
82317,1735
82318,4335
82319,963
82320,5566
82321,530
82322,5455
82323,5550
82324,4568
82325,6528
82326,88
82327,3125
82328,3620
82329,1292
82330,92
82331,5718
82332,3153
82333,5137
82334,6349
82335,182
82336,3616
82337,4445
82338,3341
82339,2018
82340,2169
82341,2465
82342,5778
82343,1231
82344,1507
82345,5732
82346,6510
82347,1032
82348,4051
82349,2974
82350,1913
82351,6074
82352,1037
82353,205
82354,5060
82355,4693
82356,1710
82357,5283
82358,4976
82359,5472
82360,2102
82361,5508
82362,727
82363,613
82364,1231
82365,2246
82366,247
82367,2557
82368,6736
82369,3452
82370,1540
82371,5895
82372,4023
82373,800
82374,5248
82375,3885
82376,2006
82377,6167
82378,3206
82379,2093
82380,5398
82381,619
82382,903
82383,2673
82384,4722
82385,3035
82386,1760
82387,5426
82388,4114
82389,72
82390,1333
82391,4556
82392,5343
82393,4774
82394,6588
82395,1638
82396,5159
82397,5225
82398,2972
82399,4356
82400,3277
82401,1514
82402,213
82403,1838
82404,6992
82405,5207
82406,4280
82407,473
82408,4259
82409,4832
82410,6017
82411,6642
82412,4114
82413,4298
82414,5244
82415,5884
82416,3174
82417,3384
82418,1771
82419,6084
82420,3776
82421,3303
82422,6126
82423,3719
82424,2935
82425,302
82426,6993
82427,6718
82428,2305
82429,303
82430,3074
82431,1352
82432,4783
82433,7039
82434,4986
82435,1874
82436,452
82437,7042
82438,4988
82439,6285
82440,2770
82441,416
82442,3370
82443,2643
82444,3425
82445,4008
82446,2394
82447,6401
82448,6160
82449,1817
82450,6974
82451,886
82452,2274
82453,6095
82454,5418
82455,402
82456,4618
82457,2375
82458,2853
82459,2242
82460,6094
82461,5963
82462,6228
82463,2556
82464,518
82465,6500
82466,3600
82467,5598
82468,2506
82469,3150
82470,201
82471,3257
82472,2807
82473,1440
82474,2541
82475,6358
82476,3264
82477,712
82478,3318
82479,5461
82480,1967
82481,3021
82482,5236
82483,1658
82484,5879
82485,5343
82486,5363
82487,4910
82488,3132
82489,4053
82490,4580
82491,591
82492,6798
82493,3719
82494,2342
82495,1831
82496,3428
82497,3540
82498,2771
82499,6638
82500,4774
82501,5138
82502,792
82503,791
82504,1375
82505,6053
82506,3365
82507,1694
82508,5689
82509,803
82510,5734
82511,5063
82512,2582
82513,6570
82514,1998
82515,2672
82516,3938
82517,3183
82518,6475
82519,1864
82520,21
82521,7032
82522,255
82523,2954
82524,4548
82525,6355
82526,1466
82527,3723
82528,112
82529,2777
82530,4309
82531,6699
82532,3224
82533,374
82534,6228
82535,1274
82536,2204
82537,911
82538,3192
82539,4532
82540,3300
82541,1560
82542,6023
82543,6539
82544,793
82545,4458
82546,613
82547,3787
82548,2949
82549,660
82550,5323
82551,4474
82552,2035
82553,5526
82554,292
82555,6912
82556,1691
82557,75
82558,1036
82559,3862
82560,5626
82561,5217
82562,1819
82563,3715
82564,3205
82565,4844
82566,1918
82567,3539
82568,2832
82569,3891
82570,4677
82571,3507
82572,449
82573,4174
82574,593
82575,2640
82576,2783
82577,4095
82578,2921
82579,5220
82580,6113
82581,6844
82582,1612
82583,1061
82584,3332
82585,6561
82586,6600
82587,2114
82588,4804
82589,4415
82590,6750
82591,190
82592,760
82593,6269
82594,958
82595,4851
82596,272
82597,5539
82598,5677
82599,5950
82600,3132
82601,6514
82602,2509
82603,1618
82604,4603
82605,1237
82606,6973
82607,5607
82608,2403
82609,4509
82610,5530
82611,1360
82612,6955
82613,855
82614,6414
82615,4395
82616,3611
82617,2546
82618,4210
82619,4866
82620,4182
82621,2151
82622,4567
82623,6444
82624,6088
82625,202
82626,305
82627,2420
82628,2472
82629,5670
82630,3517
82631,6340
82632,6247
82633,6612
82634,1411
82635,5699
82636,1304
82637,3455
82638,2498
82639,6526
82640,1324
82641,6041
82642,2532
82643,4660
82644,4493
82645,5176
82646,4516
82647,5612
82648,3129
82649,5080
82650,4329
82651,979
82652,2374
82653,1901
82654,729
82655,3274
82656,3298
82657,6764
82658,4919
82659,3615
82660,1414
82661,6013
82662,648
82663,2517
82664,4528
82665,1837
82666,5210
82667,4737
82668,465
82669,818
82670,2520
82671,246
82672,5835
82673,6170
82674,6295
82675,658
82676,3430
82677,6699
82678,4170
82679,2680
82680,535
82681,3082
82682,2916
82683,290
82684,1978
82685,2647
82686,3412
82687,3013
82688,6770
82689,6917
82690,4036
82691,1029
82692,2007
82693,6214
82694,6018
82695,2764
82696,5066
82697,596
82698,5132
82699,4806
82700,930
82701,1153
82702,2235
82703,2582
82704,6516
82705,3262
82706,1362
82707,4514
82708,4993
82709,1787
82710,4727
82711,5488
82712,2811
82713,5159
82714,4579
82715,440
82716,5094
82717,3716
82718,2189
82719,2564
82720,4827
82721,5702
82722,2800
82723,4440
82724,1607
82725,4002
82726,6427
82727,2732
82728,4906
82729,3414
82730,4636
82731,2562
82732,899
82733,6241
82734,6085
82735,1128
82736,5161
82737,5805
82738,3162
82739,1580
82740,6317
82741,2053
82742,1059
82743,1135
82744,5949
82745,7025
82746,643
82747,783
82748,2649
82749,939
82750,940
82751,3088
82752,1234
82753,4309
82754,6885
82755,2897
82756,6470
82757,4000
82758,2425
82759,1801
82760,453
82761,340
82762,5234
82763,6969
82764,2253
82765,4869
82766,6164
82767,5578
82768,130
82769,4087
82770,1372
82771,6074
82772,2872
82773,2971
82774,5401
82775,1957
82776,2889
82777,357
82778,512
82779,5368
82780,3972
82781,1652
82782,4571
82783,6566
82784,6533
82785,4302
82786,6570
82787,3469
82788,2068
82789,3113
82790,6621
82791,1398
82792,5350
82793,6444
82794,4935
82795,1388
82796,5308
82797,1883
82798,1565
82799,2861
82800,873
82801,244
82802,6147
82803,1226
82804,3959
82805,6194
82806,6466
82807,1137
82808,6404
82809,4951
82810,4653
82811,2783
82812,1860
82813,589
82814,1927
82815,5421
82816,4373
82817,2057
82818,164
82819,7016
82820,5108
82821,3497
82822,1687
82823,4022
82824,3574
82825,1750
82826,577
82827,1924
82828,2030
82829,4866
82830,3956
82831,5018
82832,7014
82833,3427
82834,6955
82835,3667
82836,3851
82837,5694
82838,5476
82839,63
82840,1476
82841,4620
82842,6654
82843,968
82844,2211
82845,4537
82846,908
82847,399
82848,3365
82849,3131
82850,741
82851,5690
82852,1459
82853,3451
82854,1457
82855,433
82856,5412
82857,5103
82858,6032
82859,945
82860,5069
82861,6763
82862,5629
82863,3831
82864,5111
82865,775
82866,6775
82867,558
82868,6468
82869,6818
82870,2609
82871,3007
82872,5986
82873,649
82874,993
82875,1711
82876,5829
82877,145
82878,3634
82879,3010
82880,5849
82881,4723
82882,213
82883,2258
82884,631
82885,5235
82886,7061
82887,6984
82888,4852
82889,2542
82890,44
82891,2355
82892,1686
82893,3484
82894,5048
82895,4276
82896,2867
82897,4103
82898,6375
82899,2738
82900,1684
82901,2449
82902,329
82903,3670
82904,3697
82905,3954
82906,3342
82907,6024
82908,6826
82909,5271
82910,6077
82911,1880
82912,4280
82913,1941
82914,850
82915,967
82916,4568
82917,5679
82918,3081
82919,5085
82920,2159
82921,4155
82922,2173
82923,589
82924,4192
82925,207
82926,6166
82927,804
82928,1090
82929,242
82930,6236
82931,5905
82932,5599
82933,5006
82934,6598
82935,1978
82936,6184
82937,3394
82938,1174
82939,5398
82940,129
82941,637
82942,1462
82943,4385
82944,3997
82945,4048
82946,6663
82947,4189
82948,4308
82949,484
82950,4124
82951,3167
82952,1070
82953,5026
82954,2412
82955,1676
82956,1696
82957,3864
82958,5986
82959,4020
82960,1528
82961,1625
82962,3041
82963,33
82964,5163
82965,5738
82966,2748
82967,5300
82968,2188
82969,1630
82970,6709
82971,4885
82972,635
82973,4460
82974,3198
82975,1332
82976,5045
82977,6292
82978,1651
82979,2861
82980,6290
82981,5276
82982,4022
82983,3177
82984,6530
82985,584
82986,4284
82987,2812
82988,5055
82989,793
82990,1159
82991,2821
82992,1576
82993,1510
82994,3211
82995,5696
82996,785
82997,6619
82998,5561
82999,61
83000,5989
83001,1993
83002,3489
83003,5815
83004,1258
83005,2004
83006,2856
83007,1695
83008,4372
83009,5736
83010,6534
83011,1642
83012,1869
83013,5512
83014,734
83015,2835
83016,1422
83017,1972
83018,4803
83019,1759
83020,275
83021,4273
83022,886
83023,884
83024,21
83025,6245
83026,6703
83027,1002
83028,1856
83029,3715
83030,5204
83031,5888
83032,3341
83033,6285
83034,5798
83035,4233
83036,3438
83037,6067
83038,5505
83039,6464
83040,4179
83041,1106
83042,3458
83043,2878
83044,3656
83045,208
83046,5917
83047,5190
83048,5224
83049,4334
83050,1566
83051,1738
83052,4069
83053,4581
83054,1864
83055,4041
83056,6148
83057,6040
83058,810
83059,2783
83060,3336
83061,6112
83062,2818
83063,1520
83064,590
83065,4780
83066,5843
83067,2692
83068,1102
83069,3857
83070,4625
83071,4427
83072,2778
83073,5737
83074,1263
83075,3884
83076,201
83077,6785
83078,2880
83079,2965
83080,1278
83081,5908
83082,5629
83083,232
83084,3413
83085,7050
83086,2053
83087,413
83088,1073
83089,2568
83090,5853
83091,4411
83092,823
83093,1079
83094,6306
83095,4099
83096,6979
83097,3982
83098,3933
83099,6793
83100,5952
83101,852
83102,4362
83103,5122
83104,5015
83105,5009
83106,3509
83107,4522
83108,954
83109,1012
83110,4173
83111,6134
83112,80
83113,5413
83114,4037
83115,7038
83116,6996
83117,2036
83118,6467
83119,3287
83120,6054
83121,2044
83122,3626
83123,6319
83124,3720
83125,3028
83126,1358
83127,6197
83128,5789
83129,3633
83130,4843
83131,91
83132,816
83133,6086
83134,655
83135,6271
83136,6272
83137,2189
83138,5563
83139,5468
83140,3463
83141,2080
83142,5481
83143,4663
83144,1262
83145,3139
83146,6793
83147,6254
83148,2542
83149,4291
83150,6692
83151,4991
83152,2765
83153,2236
83154,5137
83155,310
83156,4934
83157,7030
83158,3155
83159,3966
83160,5508
83161,4500
83162,101
83163,1876
83164,6951
83165,6140
83166,5487
83167,5200
83168,1884
83169,5328
83170,2085
83171,1743
83172,2058
83173,704
83174,4112
83175,1097
83176,2933
83177,6756
83178,2487
83179,6442
83180,3456
83181,4559
83182,6904
83183,587
83184,5802
83185,4263
83186,6491
83187,1130
83188,1302
83189,6443
83190,2232
83191,1636
83192,6097
83193,6327
83194,927
83195,5715
83196,500
83197,4758
83198,5442
83199,5692
83200,5129
83201,2245
83202,758
83203,3736
83204,5447
83205,5506
83206,4427
83207,2078
83208,373
83209,826
83210,4996
83211,175
83212,5703
83213,47
83214,3786
83215,2677
83216,3761
83217,668
83218,7025
83219,259
83220,1842
83221,6015
83222,5091
83223,2037
83224,6448
83225,4962
83226,4612
83227,115
83228,1822
83229,2688
83230,5330
83231,6758
83232,6855
83233,1861
83234,6721
83235,392
83236,6829
83237,972
83238,5910
83239,3361
83240,4710
83241,1122
83242,991
83243,2990
83244,1308
83245,3437
83246,6419
83247,2809
83248,944
83249,6761
83250,2144
83251,2078
83252,6825
83253,1329
83254,4289
83255,1770
83256,1412
83257,4865
83258,2429
83259,1630
83260,4408
83261,1786
83262,671
83263,4681
83264,4023
83265,6407
83266,1532
83267,352
83268,2680
83269,3596
83270,1488
83271,1811
83272,757
83273,3768
83274,5134
83275,1564
83276,6532
83277,4430
83278,3414
83279,3866
83280,4941
83281,4602
83282,4495
83283,5036
83284,6691
83285,6089
83286,772
83287,1672
83288,4217
83289,1569
83290,2536
83291,2324
83292,5327
83293,6047
83294,282
83295,4400
83296,603
83297,2244
83298,924
83299,6107
83300,6986
83301,1173
83302,5052
83303,3861
83304,3631
83305,7020
83306,3615
83307,4620
83308,1106
83309,1053
83310,3544
83311,4815
83312,3
83313,5280
83314,5978
83315,102
83316,6026
83317,1498
83318,1813
83319,4273
83320,459
83321,4581
83322,2695
83323,2061
83324,7006
83325,147
83326,2997
83327,3561
83328,961
83329,1072
83330,3990
83331,6585
83332,5338
83333,5512
83334,1173
83335,1209
83336,1202
83337,3838
83338,5422
83339,4788
83340,5226
83341,7064
83342,6779
83343,3061
83344,3630
83345,6792
83346,5229
83347,1078
83348,153
83349,6443
83350,2397
83351,2578
83352,5342
83353,2218
83354,4779
83355,1235
83356,2738
83357,3711
83358,3690
83359,2340
83360,5210
83361,3714
83362,5564
83363,5254
83364,5344
83365,5849
83366,6815
83367,6826
83368,4515
83369,536
83370,2424
83371,2160
83372,698
83373,1043
83374,6198
83375,285
83376,3728
83377,5976
83378,4624
83379,4069
83380,2737
83381,4213
83382,5778
83383,2680
83384,1158
83385,5015
83386,6208
83387,1627
83388,1093
83389,357
83390,128
83391,3738
83392,2010
83393,1143
83394,1565
83395,668
83396,5780
83397,1970
83398,2112
83399,3467
83400,738
83401,156
83402,3999
83403,3812
83404,955
83405,6376
83406,2027
83407,2663
83408,722
83409,3926
83410,3341
83411,3076
83412,3809
83413,210
83414,1980
83415,2720
83416,1960
83417,650
83418,5456
83419,6736
83420,4786
83421,1253
83422,3665
83423,5203
83424,2644
83425,4869
83426,4941
83427,3452
83428,5204
83429,4287
83430,1244
83431,4018
83432,2237
83433,4224
83434,6443
83435,6147
83436,3787
83437,3989
83438,4598
83439,5775
83440,6289
83441,4551
83442,4730
83443,230
83444,5914
83445,1533
83446,1364
83447,6747
83448,4639
83449,97
83450,5173
83451,209
83452,3461
83453,5595
83454,5967
83455,4799
83456,5
83457,5656
83458,4137
83459,1296
83460,5528
83461,5649
83462,3136
83463,6899
83464,5427
83465,1459
83466,2402
83467,6398
83468,6137
83469,3879
83470,2761
83471,6568
83472,1617
83473,1336
83474,4092
83475,1089
83476,2145
83477,4987
83478,2570
83479,1682
83480,6160
83481,31
83482,1396
83483,1863
83484,6926
83485,6073
83486,1382
83487,1952
83488,1687
83489,1762
83490,735
83491,4447
83492,113
83493,6429
83494,5851
83495,6868
83496,1819
83497,695
83498,1250
83499,3619
83500,5872
83501,3368
83502,2930
83503,1624
83504,348
83505,3834
83506,2437
83507,5861
83508,6730
83509,4458
83510,38
83511,4855
83512,58
83513,6938
83514,1338
83515,488
83516,2781
83517,3912
83518,2428
83519,6573
83520,6574
83521,4838
83522,6206
83523,2287
83524,1639
83525,205
83526,346
83527,3682
83528,6776
83529,6124
83530,6541
83531,2018
83532,1705
83533,3280
83534,6332
83535,6478
83536,6498
83537,4020
83538,5782
83539,1738
83540,4972
83541,5570
83542,485
83543,2616
83544,3179
83545,2781
83546,5030
83547,498
83548,6165
83549,6720
83550,3161
83551,2590
83552,1932
83553,5992
83554,4598
83555,6848
83556,6651
83557,5128
83558,6114
83559,3746
83560,325
83561,1521
83562,3417
83563,988
83564,870
83565,6403
83566,606
83567,1931
83568,864
83569,3742
83570,6220
83571,6117
83572,5754
83573,2871
83574,2304
83575,4487
83576,3717
83577,430
83578,6409
83579,2445
83580,4559
83581,4486
83582,4739
83583,2689
83584,4037
83585,1674
83586,5588
83587,7004
83588,2130
83589,2557
83590,6899
83591,5257
83592,184
83593,5432
83594,4579
83595,5373
83596,5099
83597,1149
83598,3774
83599,3662
83600,6150
83601,4450
83602,5402
83603,2764
83604,6786
83605,4329
83606,3739
83607,5717
83608,68
83609,938
83610,4298
83611,3398
83612,4156
83613,5946
83614,4200
83615,4209
83616,6299
83617,2926
83618,3427
83619,4583
83620,6491
83621,2106
83622,6178
83623,3110
83624,5018
83625,5884
83626,1387
83627,2871
83628,2756
83629,2959
83630,4714
83631,2785
83632,480
83633,6141
83634,4258
83635,3016
83636,2189
83637,1005
83638,2870
83639,695
83640,5926
83641,4115
83642,3609
83643,1683
83644,2953
83645,169
83646,4846
83647,708
83648,5493
83649,3360
83650,4606
83651,2894
83652,6214
83653,3379
83654,4265
83655,5444
83656,2509
83657,5529
83658,4109
83659,945
83660,4393
83661,6092
83662,3354
83663,3518
83664,5483
83665,2647
83666,5514
83667,6624
83668,3283
83669,5643
83670,4143
83671,2847
83672,5537
83673,4820
83674,4549
83675,5553
83676,927
83677,4270
83678,5091
83679,271
83680,2952
83681,3709
83682,2826
83683,1906
83684,6524
83685,4141
83686,419
83687,3970
83688,4839
83689,890
83690,526
83691,5553
83692,1412
83693,2213
83694,6163
83695,5899
83696,4367
83697,1341
83698,3497
83699,5224
83700,1541
83701,1191
83702,2962
83703,5083
83704,8
83705,3211
83706,6275
83707,5384
83708,3295
83709,2024
83710,3670
83711,4974
83712,5612
83713,5314
83714,1980
83715,3266
83716,4900
83717,4038
83718,4613
83719,991
83720,2049
83721,5403
83722,6600
83723,135
83724,6209
83725,221
83726,794
83727,5643
83728,5683
83729,1184
83730,5138
83731,6829
83732,6598
83733,2627
83734,5373
83735,4418
83736,1851
83737,3461
83738,3807
83739,5281
83740,2097
83741,3700
83742,1042
83743,4160
83744,3258
83745,4717
83746,4096
83747,4878
83748,1161
83749,6945
83750,3698
83751,5860
83752,325
83753,1291
83754,3336
83755,3110
83756,103
83757,4075
83758,2356
83759,443
83760,4628
83761,6989
83762,3651
83763,172
83764,3172
83765,6758
83766,1498
83767,3522
83768,1121
83769,797
83770,512
83771,606
83772,4653
83773,5130
83774,1640
83775,2327
83776,465
83777,1141
83778,3734
83779,1605
83780,3854
83781,2087
83782,2217
83783,1661
83784,5215
83785,2465
83786,686
83787,2409
83788,1512
83789,373
83790,6703
83791,3921
83792,6742
83793,6250
83794,2801
83795,3617
83796,4577
83797,3806
83798,2078
83799,5678
83800,5933
83801,5598
83802,541
83803,933
83804,6326
83805,4145
83806,1339
83807,7007
83808,2278
83809,924
83810,6355
83811,2762
83812,2780
83813,5834
83814,7033
83815,245
83816,2186
83817,4081
83818,1297
83819,1444
83820,2446
83821,1032
83822,2088
83823,3683
83824,2150
83825,2486
83826,6412
83827,166
83828,5896
83829,4051
83830,31
83831,3256
83832,5207
83833,2530
83834,4990
83835,741
83836,6651
83837,3151
83838,4279
83839,4319
83840,4644
83841,4092
83842,4773
83843,1420
83844,4520
83845,5248
83846,179
83847,4410
83848,5385
83849,4065
83850,6457
83851,5727
83852,5133
83853,6488
83854,7004
83855,6546
83856,5833
83857,323
83858,6702
83859,2042
83860,2648
83861,6154
83862,3109
83863,6828
83864,991
83865,3793
83866,5440
83867,5993
83868,5655
83869,2222
83870,6907
83871,3333
83872,5681
83873,5721
83874,3488
83875,1986
83876,3155
83877,6012
83878,236
83879,4527
83880,6873
83881,2712
83882,2784
83883,5543
83884,4813
83885,5466
83886,918
83887,3762
83888,2263
83889,314
83890,4251
83891,2063
83892,1470
83893,2700
83894,1316
83895,1212
83896,646
83897,209
83898,6761
83899,3718
83900,4077
83901,1535
83902,3934
83903,6571
83904,5466
83905,5764
83906,4160
83907,6775
83908,88
83909,6645
83910,4513
83911,2883
83912,5975
83913,1815
83914,524
83915,4148
83916,4830
83917,5346
83918,6030
83919,5484
83920,296
83921,4061
83922,215
83923,1146
83924,6674
83925,822
83926,1266
83927,6230
83928,4609
83929,5198
83930,5137
83931,6757
83932,2099
83933,3847
83934,5753
83935,3143
83936,2476
83937,2606
83938,3620
83939,1073
83940,1721
83941,1876
83942,1627
83943,1110
83944,443
83945,6038
83946,5008
83947,1892
83948,2273
83949,4874
83950,1975
83951,3334
83952,3417
83953,3865
83954,3354
83955,4129
83956,3815
83957,5353
83958,5050
83959,2822
83960,1251
83961,613
83962,1523
83963,3088
83964,449
83965,6229
83966,1035
83967,1468
83968,4886
83969,429
83970,4950
83971,6329
83972,1401
83973,358
83974,4385
83975,1397
83976,2904
83977,6653
83978,1060
83979,1390
83980,4476
83981,3839
83982,1038
83983,6236
83984,523
83985,6292
83986,3596
83987,4494
83988,6764
83989,3939
83990,4775
83991,283
83992,2882
83993,2188
83994,6365
83995,3655
83996,2061
83997,1189
83998,2953
83999,4784
84000,3495
84001,3233
84002,5546
84003,6744
84004,4449
84005,3024
84006,972
84007,2988
84008,2329
84009,5974
84010,4927
84011,5542
84012,4225
84013,2009
84014,1605
84015,4207
84016,2422
84017,993
84018,2377
84019,5740
84020,842
84021,5593
84022,4045
84023,6135
84024,2760
84025,2250
84026,3420
84027,1811
84028,1984
84029,1450
84030,6013
84031,4520
84032,6480
84033,2014
84034,5904
84035,5049
84036,3095
84037,7045
84038,7026
84039,6812
84040,215
84041,595
84042,3399
84043,4078
84044,3926
84045,36
84046,2852
84047,3103
84048,2941
84049,5017
84050,6094
84051,460
84052,5324
84053,2713
84054,3101
84055,2784
84056,225
84057,6474
84058,2283
84059,506
84060,6424
84061,5547
84062,5292
84063,5060
84064,2928
84065,6265
84066,3897
84067,2313
84068,4882
84069,4231
84070,322
84071,2519
84072,5097
84073,6328
84074,5172
84075,5986
84076,515
84077,5497
84078,1748
84079,1046
84080,6355
84081,4123
84082,5083
84083,3040
84084,2756
84085,3943
84086,5336
84087,530
84088,3532
84089,3599
84090,6682
84091,6914
84092,6777
84093,385
84094,55
84095,4502
84096,720
84097,4671
84098,3517
84099,4572
84100,436
84101,6728
84102,4957
84103,3568
84104,402
84105,5051
84106,766
84107,1777
84108,2263
84109,4061
84110,1498
84111,1763
84112,30
84113,7056
84114,462
84115,6009
84116,1803
84117,4814
84118,5590
84119,4660
84120,6470
84121,7078
84122,6186
84123,4353
84124,2416
84125,6046
84126,5151
84127,2318
84128,6288
84129,1348
84130,5059
84131,2951
84132,3782
84133,3694
84134,2328
84135,4583
84136,135
84137,650
84138,4492
84139,1479
84140,3360
84141,3297
84142,2267
84143,2698
84144,557
84145,6997
84146,1123
84147,565
84148,4161
84149,5605
84150,234
84151,5848
84152,6652
84153,2044
84154,1028
84155,6546
84156,458
84157,4924
84158,6744
84159,1744
84160,4664
84161,78
84162,5895
84163,6171
84164,2513
84165,370
84166,143
84167,5132
84168,4249
84169,6649
84170,569
84171,3932
84172,2527
84173,7054
84174,5914
84175,3506
84176,5274
84177,4326
84178,1490
84179,3601
84180,2482
84181,3983
84182,2252
84183,6198
84184,4854
84185,410
84186,6637
84187,4173
84188,1102
84189,4727
84190,659
84191,1047
84192,5952
84193,6800
84194,1450
84195,2852
84196,3837
84197,5367
84198,3245
84199,5748
84200,595
84201,1734
84202,3843
84203,5973
84204,5763
84205,5827
84206,6103
84207,5808
84208,4922
84209,5989
84210,5226
84211,4591
84212,6358
84213,5532
84214,1296
84215,4611
84216,3111
84217,3360
84218,6132
84219,4935
84220,2237
84221,5633
84222,5250
84223,6753
84224,6734
84225,6440
84226,2383
84227,898
84228,1058
84229,3975
84230,4590
84231,5557
84232,7036
84233,1777
84234,5389
84235,5325
84236,6112
84237,6781
84238,442
84239,3642
84240,5707
84241,1624
84242,4252
84243,6806
84244,1373
84245,5883
84246,2888
84247,2074
84248,3972
84249,2802
84250,1078
84251,5823
84252,2272
84253,4582
84254,4001
84255,1096
84256,946
84257,880
84258,5882
84259,3232
84260,6648
84261,932
84262,3150
84263,4137
84264,3296
84265,3036
84266,1769
84267,4334
84268,626
84269,5796
84270,1280
84271,3990
84272,2951
84273,4350
84274,463
84275,2685
84276,5501
84277,2580
84278,6592
84279,3949
84280,968
84281,1337
84282,3606
84283,3731
84284,234
84285,132
84286,4667
84287,843
84288,2497
84289,6338
84290,3317
84291,5088
84292,6848
84293,1611
84294,3656
84295,5162
84296,3028
84297,6131
84298,4487
84299,3193
84300,6587
84301,3620
84302,7074
84303,7040
84304,4900
84305,1397
84306,4987
84307,2110
84308,2671
84309,1764
84310,6613
84311,2719
84312,2167
84313,1210
84314,1308
84315,6730
84316,190
84317,2712
84318,464
84319,97
84320,370
84321,3120
84322,3017
84323,4980
84324,6309
84325,1967
84326,5382
84327,6584
84328,4427
84329,840
84330,5520
84331,4167
84332,4128
84333,2046
84334,1933
84335,5189
84336,5443
84337,5521
84338,241
84339,1146
84340,1506
84341,3078
84342,2642
84343,2227
84344,2732
84345,2931
84346,2592
84347,2212
84348,5159
84349,4606
84350,2599
84351,3868
84352,6817
84353,3772
84354,2241
84355,5584
84356,4681
84357,140
84358,467
84359,5636
84360,4607
84361,3774
84362,4491
84363,5769
84364,5807
84365,5363
84366,153
84367,2390
84368,4431
84369,39
84370,5170
84371,6243
84372,6799
84373,2344
84374,4524
84375,868
84376,1970
84377,6685
84378,3451
84379,5187
84380,4200
84381,2526
84382,5451
84383,4507
84384,4066
84385,3852
84386,6309
84387,6807
84388,1389
84389,6233
84390,10
84391,1335
84392,224
84393,2687
84394,4752
84395,2966
84396,322
84397,123
84398,4768
84399,3565
84400,6172
84401,964
84402,5007
84403,5257
84404,1750
84405,2274
84406,1638
84407,7080
84408,1241
84409,3604
84410,1316
84411,6381
84412,1986
84413,1283
84414,5417
84415,2114
84416,1038
84417,2697
84418,5725
84419,1902
84420,1674
84421,5602
84422,3000
84423,4045
84424,5519
84425,2104
84426,997
84427,5368
84428,2981
84429,2431
84430,2263
84431,6559
84432,2448
84433,4111
84434,6927
84435,5362
84436,1820
84437,3043
84438,4216
84439,6304
84440,3888
84441,4255
84442,811
84443,2232
84444,1095
84445,1723
84446,1771
84447,3600
84448,6259
84449,27
84450,1732
84451,6913
84452,4763
84453,6091
84454,4790
84455,425
84456,393
84457,1160
84458,871
84459,6884
84460,2007
84461,2731
84462,2844
84463,4052
84464,7049
84465,4194
84466,5097
84467,994
84468,6725
84469,175
84470,170
84471,4946
84472,297
84473,4946
84474,4960
84475,841
84476,6318
84477,201
84478,4789
84479,1386
84480,3567
84481,5815
84482,1583
84483,6290
84484,3395
84485,3118
84486,1074
84487,6295
84488,4569
84489,3289
84490,5701
84491,4097
84492,6829
84493,2149
84494,2244
84495,166
84496,221
84497,1517
84498,5160
84499,1074
84500,2340
84501,2069
84502,4722
84503,1913
84504,533
84505,1927
84506,1595
84507,2694
84508,24
84509,1832
84510,3221
84511,4944
84512,2069
84513,4692
84514,141
84515,2661
84516,4168
84517,6074
84518,2066
84519,2065
84520,1231
84521,1944
84522,6949
84523,709
84524,1016
84525,6348
84526,4931
84527,7050
84528,6641
84529,4796
84530,2849
84531,6455
84532,6604
84533,5035
84534,5966
84535,3197
84536,2449
84537,3274
84538,1491
84539,4491
84540,2521
84541,44
84542,967
84543,3187
84544,779
84545,2485
84546,6698
84547,667
84548,293
84549,4001
84550,6767
84551,360
84552,2426
84553,6214
84554,3658
84555,1233
84556,4030
84557,2810
84558,5343
84559,5080
84560,5519
84561,1104
84562,3996
84563,6729
84564,4914
84565,6723
84566,3420
84567,3145
84568,5880
84569,6383
84570,5623
84571,4407
84572,740
84573,3359
84574,4436
84575,645
84576,3081
84577,172
84578,6484
84579,480
84580,671
84581,3884
84582,3731
84583,6741
84584,6536
84585,6331
84586,6761
84587,2497
84588,1823
84589,3185
84590,2956
84591,5671
84592,5
84593,4558
84594,2228
84595,248
84596,6048
84597,4077
84598,2011
84599,6431
84600,5114
84601,6237
84602,335
84603,6439
84604,737
84605,4333
84606,5344
84607,2405
84608,3129
84609,4517
84610,3816
84611,4409
84612,3761
84613,7003
84614,1908
84615,6351
84616,2726
84617,5591
84618,4718
84619,3732
84620,3394
84621,785
84622,280
84623,358
84624,4626
84625,65
84626,688
84627,3544
84628,6688
84629,3175
84630,2741
84631,5713
84632,3441
84633,1938
84634,5102
84635,942
84636,2077
84637,6065
84638,1238
84639,263
84640,2706
84641,812
84642,3973
84643,1255
84644,4015
84645,1651
84646,682
84647,6363
84648,5558
84649,2926
84650,4304
84651,1426
84652,4516
84653,856
84654,1141
84655,4180
84656,13
84657,2900
84658,4216
84659,5758
84660,1265
84661,5677
84662,3816
84663,2377
84664,6186
84665,207
84666,6135
84667,1185
84668,4917
84669,611
84670,1178
84671,6567
84672,4768
84673,5133
84674,6621
84675,5070
84676,5494
84677,5148
84678,4197
84679,4549
84680,36
84681,197
84682,2133
84683,2579
84684,4269
84685,3228
84686,3271
84687,3714
84688,5095
84689,458
84690,3463
84691,1027
84692,549
84693,7053
84694,416
84695,6156
84696,6813
84697,6424
84698,1922
84699,4068
84700,6626
84701,1867
84702,5380
84703,4866
84704,323
84705,5391
84706,1115
84707,170
84708,2215
84709,3814
84710,1037
84711,6077
84712,3790
84713,557
84714,5118
84715,650
84716,5372
84717,2541
84718,2662
84719,5245
84720,1934
84721,3963
84722,463
84723,551
84724,3053
84725,3715
84726,1693
84727,2844
84728,4724
84729,4606
84730,3204
84731,2002
84732,5444
84733,5516
84734,2305
84735,3452
84736,4594
84737,1644
84738,6512
84739,5442
84740,4331
84741,3415
84742,2288
84743,2072
84744,5145
84745,3589
84746,137
84747,2780
84748,4846
84749,2602
84750,7004
84751,3833
84752,6991
84753,2795
84754,6905
84755,6245
84756,374
84757,5411
84758,5730
84759,2777
84760,5718
84761,5404
84762,1985
84763,6083
84764,1967
84765,6374
84766,3666
84767,5409
84768,4874
84769,5676
84770,90
84771,4154
84772,6811
84773,6041
84774,6390
84775,2698
84776,5666
84777,1371
84778,567
84779,2799
84780,3086
84781,5658
84782,3759
84783,1774
84784,575
84785,3875
84786,3168
84787,5356
84788,2946
84789,2756
84790,5542
84791,4949
84792,1894
84793,5902
84794,3190
84795,2994
84796,977
84797,4925
84798,1336
84799,6711
84800,4677
84801,1183
84802,5845
84803,761
84804,309
84805,2812
84806,3968
84807,5332
84808,5435
84809,1584
84810,365
84811,806
84812,1225
84813,4502
84814,6937
84815,110
84816,5804
84817,6986
84818,847
84819,3878
84820,3098
84821,6420
84822,3330
84823,1329
84824,1964
84825,5244
84826,6116
84827,1144
84828,5826
84829,1428
84830,3910
84831,6394
84832,418
84833,4142
84834,3816
84835,524
84836,818
84837,2449
84838,485
84839,4358
84840,3960
84841,4221
84842,1473
84843,6765
84844,6339
84845,1708
84846,3260
84847,5014
84848,3310
84849,6696
84850,6158
84851,3290
84852,2819
84853,5956
84854,5903
84855,4810
84856,3742
84857,2803
84858,666
84859,1205
84860,4728
84861,2798
84862,2706
84863,4760
84864,2942
84865,7044
84866,52
84867,1575
84868,1007
84869,4568
84870,4007
84871,1984
84872,4765
84873,2532
84874,4451
84875,5189
84876,6298
84877,4689
84878,6477
84879,48
84880,4062
84881,3822
84882,5550
84883,4238
84884,4587
84885,3465
84886,3425
84887,5203
84888,1777
84889,3036
84890,377
84891,1877
84892,2349
84893,5457
84894,2048
84895,715
84896,3750
84897,3434
84898,1957
84899,5184
84900,2682
84901,2534
84902,864
84903,672
84904,3342
84905,3482
84906,5476
84907,2597
84908,2698
84909,3627
84910,1062
84911,3770
84912,6388
84913,2080
84914,1371
84915,4556
84916,6338
84917,717
84918,1350
84919,3648
84920,5737
84921,591
84922,127
84923,4983
84924,4040
84925,1209
84926,868
84927,2277
84928,6883
84929,4028
84930,1825
84931,1808
84932,61
84933,6708
84934,5395
84935,767
84936,3205
84937,2136
84938,1969
84939,809
84940,6966
84941,336
84942,4632
84943,319
84944,2350
84945,3029
84946,2389
84947,5199
84948,4852
84949,5896
84950,7022
84951,5528
84952,2707
84953,3971
84954,4050
84955,2260
84956,409
84957,5553
84958,5217
84959,1326
84960,5161
84961,6572
84962,3251
84963,3794
84964,1630
84965,4094
84966,4490
84967,4140
84968,3726
84969,6455
84970,1843
84971,1516
84972,2634
84973,6895
84974,2165
84975,5087
84976,6643
84977,4542
84978,3920
84979,6057
84980,793
84981,6312
84982,4088
84983,1562
84984,1215
84985,5348
84986,3352
84987,5111
84988,4929
84989,3223
84990,3846
84991,4321
84992,2376
84993,4353
84994,4531
84995,7004
84996,3742
84997,1631
84998,4949
84999,5142
85000,1973
85001,3660
85002,5160
85003,600
85004,2421
85005,2415
85006,1518
85007,607
85008,4268
85009,6125
85010,2059
85011,6338
85012,6401
85013,6264
85014,795
85015,4788
85016,2939
85017,1191
85018,5057
85019,3254
85020,5669
85021,6695
85022,88
85023,2657
85024,781
85025,1818
85026,7059
85027,1972
85028,2689
85029,1269
85030,6968
85031,560
85032,4844
85033,1750
85034,2141
85035,6121
85036,6625
85037,6092
85038,1418
85039,383
85040,2552
85041,6092
85042,6850
85043,1783
85044,3957
85045,677
85046,81
85047,2192
85048,6511
85049,6293
85050,860
85051,1182
85052,2666
85053,6710
85054,88
85055,500
85056,220
85057,1022
85058,2331
85059,1588
85060,60
85061,5800
85062,519
85063,4897
85064,6098
85065,118
85066,4872
85067,4537
85068,6354
85069,7031
85070,6254
85071,1682
85072,4372
85073,1678
85074,3946
85075,2623
85076,788
85077,934
85078,6410
85079,6624
85080,2978
85081,22
85082,4910
85083,5497
85084,520
85085,2177
85086,443
85087,1168
85088,2544
85089,65
85090,4863
85091,5147
85092,4506
85093,3816
85094,4328
85095,2911
85096,4806
85097,3743
85098,4604
85099,2214
85100,1126
85101,847
85102,4064
85103,3749
85104,1392
85105,2424
85106,6000
85107,3777
85108,5754
85109,1445
85110,5102
85111,5540
85112,4099
85113,3346
85114,5527
85115,6276
85116,6634
85117,948
85118,1818
85119,4003
85120,4933
85121,1085
85122,4130
85123,5607
85124,906
85125,201
85126,1986
85127,6761
85128,503
85129,5852
85130,714
85131,2830
85132,3630
85133,5684
85134,6188
85135,860
85136,4035
85137,2184
85138,2028
85139,6950
85140,3612
85141,603
85142,366
85143,4491
85144,1531
85145,2301
85146,1329
85147,6030
85148,124
85149,5805
85150,4225
85151,4675
85152,1283
85153,2331
85154,1196
85155,1287
85156,6103
85157,4819
85158,2242
85159,5309
85160,1956
85161,3098
85162,6307
85163,5350
85164,289
85165,7066
85166,217
85167,6933
85168,5352
85169,4187
85170,1418
85171,5804
85172,1830
85173,1970
85174,982
85175,6111
85176,6195
85177,4183
85178,4154
85179,2700
85180,1021
85181,583
85182,599
85183,6315
85184,5257
85185,1539
85186,62
85187,3353
85188,6493
85189,2500
85190,4320
85191,735
85192,3498
85193,6090
85194,5559
85195,5966
85196,5968
85197,2861
85198,1325
85199,2394
85200,4468
85201,2331
85202,5683
85203,5367
85204,2285
85205,5406
85206,5038
85207,1926
85208,1041
85209,2623
85210,859
85211,2245
85212,988
85213,5692
85214,6735
85215,2573
85216,4089
85217,5540
85218,2343
85219,6218
85220,1485
85221,2582
85222,1976
85223,4024
85224,6776
85225,4912
85226,5412
85227,3677
85228,6974
85229,3179
85230,1163
85231,1455
85232,6868
85233,5792
85234,680
85235,1291
85236,2718
85237,6665
85238,2
85239,6013
85240,4147
85241,687
85242,5536
85243,781
85244,5321
85245,3440
85246,66
85247,3998
85248,2461
85249,6120
85250,1360
85251,1505
85252,951
85253,2722
85254,1384
85255,7
85256,944
85257,4473
85258,3655
85259,4631
85260,2621
85261,3758
85262,6666
85263,3125
85264,5667
85265,6856
85266,3179
85267,2264
85268,4659
85269,1595
85270,4589
85271,1946
85272,5276
85273,224
85274,965
85275,3674
85276,2153
85277,6790
85278,2613
85279,2002
85280,3125
85281,5875
85282,2939
85283,3788
85284,1332
85285,3151
85286,3193
85287,241
85288,905
85289,3423
85290,2384
85291,4758
85292,1110
85293,5714
85294,1792
85295,2837
85296,793
85297,5107
85298,3692
85299,1654
85300,5718
85301,5369
85302,3531
85303,4501
85304,1861
85305,4781
85306,5427
85307,3494
85308,871
85309,2577
85310,4623
85311,5543
85312,925
85313,6771
85314,1803
85315,3671
85316,5066
85317,1232
85318,4874
85319,3350
85320,2877
85321,6333
85322,1136
85323,5905
85324,1689
85325,5936
85326,6584
85327,693
85328,110
85329,5710
85330,6435
85331,4840
85332,278
85333,5274
85334,826
85335,991
85336,884
85337,2525
85338,1785
85339,6620
85340,446
85341,1524
85342,1658
85343,6467
85344,1070
85345,167
85346,215
85347,3148
85348,4326
85349,2602
85350,1051
85351,4381
85352,4569
85353,3179
85354,6939
85355,2128
85356,1501
85357,4468
85358,5565
85359,2743
85360,2414
85361,1118
85362,4516
85363,4428
85364,6497
85365,6103
85366,5236
85367,1311
85368,957
85369,2019
85370,6448
85371,1749
85372,2291
85373,2093
85374,1865
85375,6034
85376,6372
85377,4389
85378,3882
85379,3897
85380,5299
85381,4071
85382,5579
85383,3797
85384,2580
85385,2266
85386,4156
85387,6944
85388,726
85389,5497
85390,4246
85391,6712
85392,146
85393,1438
85394,725
85395,7080
85396,175
85397,6353
85398,1253
85399,6759
85400,3438
85401,6988
85402,686
85403,4838
85404,3777
85405,6292
85406,4647
85407,6804
85408,3437
85409,1842
85410,16
85411,2584
85412,4722
85413,6046
85414,6004
85415,2294
85416,3875
85417,6338
85418,2007
85419,1874
85420,390
85421,6465
85422,6243
85423,5065
85424,118
85425,1274
85426,2450
85427,6295
85428,2788
85429,6801
85430,3838
85431,2117
85432,1926
85433,6402
85434,858
85435,6543
85436,6291
85437,1461
85438,1712
85439,4474
85440,3444
85441,6425
85442,6645
85443,5240
85444,5100
85445,5637
85446,2551
85447,6218
85448,4101
85449,3826
85450,2282
85451,5561
85452,6081
85453,3112
85454,150
85455,5842
85456,356
85457,4040
85458,4580
85459,4318
85460,5580
85461,3687
85462,2473
85463,2821
85464,3482
85465,5073
85466,762
85467,4275
85468,5911
85469,904
85470,5126
85471,4666
85472,6276
85473,671
85474,3061
85475,1637
85476,4856
85477,3834
85478,6693
85479,29
85480,4576
85481,3215
85482,5454
85483,3045
85484,297
85485,1592
85486,5569
85487,4694
85488,4338
85489,5073
85490,4537
85491,5971
85492,6045
85493,3091
85494,4839
85495,832
85496,2024
85497,696
85498,4386
85499,6510
85500,4508
85501,6758
85502,2215
85503,5056
85504,5258
85505,6574
85506,7068
85507,1566
85508,53
85509,6809
85510,6153
85511,768
85512,3858
85513,5866
85514,4485
85515,4097
85516,161
85517,6408
85518,5933
85519,55
85520,4433
85521,850
85522,5940
85523,227
85524,3787
85525,5519
85526,6652
85527,464
85528,3631
85529,1682
85530,2786
85531,6772
85532,4589
85533,730
85534,3038
85535,3204
85536,1091
85537,2503
85538,2861
85539,538
85540,5683
85541,939
85542,6797
85543,4531
85544,1295
85545,5184
85546,5805
85547,4341
85548,6420
85549,4948
85550,6036
85551,3600
85552,1765
85553,6258
85554,4710
85555,3789
85556,6743
85557,3470
85558,5307
85559,1210
85560,389
85561,5544
85562,3495
85563,2378
85564,3265
85565,3546
85566,36
85567,497
85568,891
85569,5315
85570,2557
85571,111
85572,4977
85573,3899
85574,5099
85575,6192
85576,6527
85577,458
85578,4273
85579,5655
85580,3276
85581,4778
85582,2041
85583,3483
85584,6303
85585,1571
85586,6701
85587,476
85588,2310
85589,5133
85590,516
85591,25
85592,1496
85593,104
85594,245
85595,5351
85596,3503
85597,1579
85598,4614
85599,5453
85600,4679
85601,4854
85602,6834
85603,5407
85604,1070
85605,2549
85606,3806
85607,519
85608,6106
85609,2580
85610,13
85611,496
85612,6794
85613,1090
85614,22
85615,1500
85616,3346
85617,5598
85618,1006
85619,1487
85620,570
85621,5104
85622,5096
85623,1135
85624,4355
85625,4440
85626,1269
85627,1486
85628,135
85629,5592
85630,6271
85631,3207
85632,6145
85633,2951
85634,651
85635,6164
85636,275
85637,2409
85638,5926
85639,5058
85640,5280
85641,3051
85642,1790
85643,3171
85644,4850
85645,5668
85646,5188
85647,4931
85648,4719
85649,6112
85650,3807
85651,610
85652,973
85653,5840
85654,4430
85655,5406
85656,6393
85657,1383
85658,6299
85659,4117
85660,6726
85661,5967
85662,2249
85663,1102
85664,1175
85665,1719
85666,6126
85667,1841
85668,2559
85669,3398
85670,3252
85671,6259
85672,6089
85673,779
85674,1323
85675,6244
85676,4776
85677,4914
85678,3593
85679,95
85680,3553
85681,3577
85682,6975
85683,3619
85684,4395
85685,3654
85686,706
85687,2410
85688,3670
85689,1521
85690,1427
85691,815
85692,5802
85693,6233
85694,4511
85695,3128
85696,3987
85697,5709
85698,4909
85699,6911
85700,1921
85701,4144
85702,5175
85703,973
85704,238
85705,2683
85706,4408
85707,2067
85708,2957
85709,4300
85710,3139
85711,1506
85712,4744
85713,3718
85714,1294
85715,2945
85716,6059
85717,4556
85718,5325
85719,5147
85720,1756
85721,461
85722,3660
85723,7001
85724,414
85725,1074
85726,654
85727,2378
85728,792
85729,3506
85730,6280
85731,5081
85732,5490
85733,333
85734,1024
85735,1267
85736,851
85737,1430
85738,98
85739,360
85740,4568
85741,6838
85742,2594
85743,2089
85744,3505
85745,4786
85746,5952
85747,1306
85748,4841
85749,4604
85750,5328
85751,5128
85752,5907
85753,582
85754,6760
85755,6805
85756,6289
85757,529
85758,6501
85759,2525
85760,4436
85761,560
85762,2003
85763,312
85764,2436
85765,514
85766,4886
85767,2913
85768,3039
85769,2983
85770,4151
85771,4611
85772,5728
85773,286
85774,3167
85775,4340
85776,6880
85777,3607
85778,3224
85779,1661
85780,1039
85781,6878
85782,2510
85783,5997
85784,5674
85785,6559
85786,3567
85787,6107
85788,2604
85789,4385
85790,4164
85791,678
85792,4715
85793,2101
85794,5163
85795,952
85796,2841
85797,2643
85798,2409
85799,5810
85800,3185
85801,666
85802,6299
85803,3372
85804,4819
85805,105
85806,6401
85807,5077
85808,4737
85809,5898
85810,864
85811,855
85812,6996
85813,2540
85814,6732
85815,3564
85816,6771
85817,1950
85818,4898
85819,4247
85820,4874
85821,786
85822,2252
85823,6224
85824,351
85825,2718
85826,6911
85827,1642
85828,2177
85829,5090
85830,1312
85831,707
85832,4228
85833,4537
85834,498
85835,2492
85836,4997
85837,5971
85838,4313
85839,3219
85840,4299
85841,7022
85842,7038
85843,1348
85844,6184
85845,1054
85846,5492
85847,4784
85848,135
85849,6551
85850,249
85851,1691
85852,4006
85853,567
85854,3608
85855,3379
85856,1333
85857,2251
85858,1976
85859,157
85860,4096
85861,3900
85862,6478
85863,564
85864,6079
85865,2357
85866,6269
85867,4665
85868,7053
85869,5641
85870,3435
85871,3203
85872,3238
85873,380
85874,559
85875,4132
85876,531
85877,1269
85878,3385
85879,2320
85880,3043
85881,3201
85882,299
85883,1125
85884,4511
85885,1436
85886,3333
85887,908
85888,2231
85889,5983
85890,4833
85891,6257
85892,527
85893,6494
85894,4919
85895,298
85896,1704
85897,4993
85898,6537
85899,1891
85900,3604
85901,2161
85902,6358
85903,5718
85904,5203
85905,2875
85906,6489
85907,3723
85908,5575
85909,4173
85910,4937
85911,5713
85912,150
85913,2971
85914,5841
85915,128
85916,2330
85917,3398
85918,2095
85919,6199
85920,7064
85921,2603
85922,252
85923,6734
85924,6446
85925,1252
85926,2901
85927,1141
85928,1698
85929,63
85930,3261
85931,5824
85932,6203
85933,2931
85934,1843
85935,1921
85936,3476
85937,5141
85938,4227
85939,6796
85940,1105
85941,5715
85942,5305
85943,5807
85944,2924
85945,4355
85946,6866
85947,6304
85948,3586
85949,1832
85950,304
85951,3441
85952,2109
85953,4876
85954,328
85955,4929
85956,3574
85957,4670
85958,3828
85959,5020
85960,5266
85961,941
85962,6239
85963,782
85964,5172
85965,6532
85966,2647
85967,4103
85968,2378
85969,7023
85970,1829
85971,386
85972,6096
85973,4336
85974,4865
85975,4023
85976,3617
85977,312
85978,771
85979,3750
85980,1178
85981,6589
85982,4477
85983,6963
85984,294
85985,4095
85986,3848
85987,3584
85988,6927
85989,3263
85990,1664
85991,4391
85992,2353
85993,4226
85994,6727
85995,1540
85996,4688
85997,5618
85998,6466
85999,3122
86000,2518
86001,4774
86002,270
86003,433
86004,4676
86005,5203
86006,5694
86007,5934
86008,4535
86009,2090
86010,2045
86011,4941
86012,287
86013,2304
86014,3595
86015,1395
86016,1252
86017,3920
86018,5120
86019,5834
86020,5890
86021,1413
86022,3833
86023,5914
86024,497
86025,4892
86026,5418
86027,5070
86028,6618
86029,3223
86030,1450
86031,6801
86032,2679
86033,3728
86034,3768
86035,952
86036,89
86037,4389
86038,5558
86039,1432
86040,6274
86041,977
86042,4478
86043,100
86044,5182
86045,1270
86046,2103
86047,4894
86048,4840
86049,1524
86050,6656
86051,1307
86052,947
86053,6321
86054,1294
86055,4608
86056,2063
86057,3873
86058,3126
86059,7020
86060,5505
86061,2336
86062,6756
86063,4340
86064,6361
86065,366
86066,1714
86067,1283
86068,5764
86069,1076
86070,25
86071,4687
86072,574
86073,6231
86074,4261
86075,5418
86076,1115
86077,7044
86078,4412
86079,5299
86080,4024
86081,1576
86082,3785
86083,4936
86084,2908
86085,4653
86086,3567
86087,5980
86088,478
86089,2526
86090,2662
86091,4096
86092,6790
86093,4571
86094,3109
86095,5817
86096,5910
86097,1523
86098,849
86099,6737
86100,3234
86101,1569
86102,103
86103,2970
86104,1834
86105,4434
86106,1824
86107,2283
86108,5035
86109,4138
86110,4170
86111,5075
86112,322
86113,6986
86114,3070
86115,270
86116,1664
86117,576
86118,436
86119,5004
86120,3760
86121,6513
86122,1802
86123,2431
86124,2689
86125,27
86126,4113
86127,1545
86128,5876
86129,3887
86130,4161
86131,6967
86132,3395
86133,1564
86134,4787
86135,3254
86136,3031
86137,4506
86138,4794
86139,3921
86140,5338
86141,1269
86142,2658
86143,666
86144,1893
86145,3688
86146,146
86147,2326
86148,2958
86149,2491
86150,4179
86151,2376
86152,4624
86153,6323
86154,4548
86155,5120
86156,1506
86157,4896
86158,657
86159,5952
86160,1064
86161,1468
86162,3812
86163,5621
86164,5831
86165,2009
86166,5937
86167,3682
86168,5390
86169,2222
86170,494
86171,571
86172,2348
86173,323
86174,6391
86175,5133
86176,4304
86177,1807
86178,5477
86179,6270
86180,2989
86181,3360
86182,6096
86183,7055
86184,1744
86185,6830
86186,6320
86187,6768
86188,5059
86189,5152
86190,7017
86191,3187
86192,2407
86193,1362
86194,6327
86195,882
86196,1223
86197,3810
86198,907
86199,320
86200,6382
86201,3171
86202,5141
86203,6338
86204,3215
86205,6298
86206,5489
86207,3728
86208,380
86209,4813
86210,6435
86211,1292
86212,3744
86213,89
86214,4808
86215,3847
86216,6096
86217,4949
86218,6203
86219,86
86220,3070
86221,6143
86222,3331
86223,453
86224,3383
86225,6523
86226,1950
86227,3169
86228,3170
86229,6887
86230,6014
86231,2873
86232,830
86233,769
86234,2879
86235,6979
86236,3760
86237,5293
86238,4538
86239,3853
86240,1347
86241,733
86242,6498
86243,6431
86244,1026
86245,4988
86246,3491
86247,2658
86248,237
86249,1811
86250,6425
86251,6330
86252,5148
86253,1868
86254,6400
86255,5252
86256,4291
86257,6480
86258,1762
86259,58
86260,3188
86261,5241
86262,6744
86263,4197
86264,2044
86265,5272
86266,4132
86267,2251
86268,753
86269,5253
86270,2305
86271,3401
86272,6459
86273,5253
86274,1089
86275,5872
86276,3672
86277,5274
86278,1189
86279,2206
86280,495
86281,6972
86282,488
86283,1950
86284,4440
86285,4887
86286,3119
86287,2648
86288,4150
86289,5357
86290,627
86291,5830
86292,3377
86293,1724
86294,2253
86295,1773
86296,354
86297,2064
86298,4391
86299,5659
86300,3927
86301,499
86302,1161
86303,4901
86304,4879
86305,890
86306,3518
86307,2923
86308,5186
86309,4077
86310,6528
86311,7045
86312,2755
86313,860
86314,232
86315,5852
86316,1452
86317,2843
86318,1351
86319,5539
86320,1509
86321,3508
86322,19
86323,2810
86324,146
86325,6196
86326,2126
86327,3683
86328,1406
86329,4894
86330,1565
86331,4850
86332,436
86333,4765
86334,5432
86335,2083
86336,2620
86337,3147
86338,1693
86339,6669
86340,171
86341,3370
86342,6770
86343,6712
86344,5409
86345,170
86346,4669
86347,5187
86348,4848
86349,6669
86350,3184
86351,2561
86352,2837
86353,5068
86354,2678
86355,4402
86356,4654
86357,2493
86358,7057
86359,4132
86360,1950
86361,2938
86362,5919
86363,4827
86364,6067
86365,473
86366,1464
86367,3242
86368,777
86369,4266
86370,363
86371,5325
86372,2331
86373,4574
86374,60
86375,5423
86376,1831
86377,6938
86378,4829
86379,1263
86380,3751
86381,4125
86382,5821
86383,1175
86384,6905
86385,5216
86386,870
86387,5077
86388,766
86389,5087
86390,70
86391,3138
86392,4406
86393,1588
86394,2900
86395,3661
86396,6194
86397,353
86398,2820
86399,889
86400,1868
86401,1207
86402,6957
86403,1353
86404,454
86405,462
86406,1095
86407,3969
86408,2746
86409,4282
86410,646
86411,3582
86412,5127
86413,4196
86414,752
86415,1506
86416,1544
86417,5823
86418,2828
86419,6502
86420,4182
86421,1251
86422,2606
86423,4450
86424,5060
86425,4113
86426,1144
86427,61
86428,3274
86429,3964
86430,3089
86431,6888
86432,4320
86433,4277
86434,6802
86435,567
86436,3419
86437,860
86438,3251
86439,5298
86440,1541
86441,2396
86442,3851
86443,1282
86444,6746
86445,3635
86446,5521
86447,1668
86448,1789
86449,488
86450,1227
86451,3614
86452,3448
86453,4387
86454,4469
86455,786
86456,1937
86457,1981
86458,6864
86459,5320
86460,366
86461,5868
86462,5437
86463,128
86464,5223
86465,1054
86466,2939
86467,496
86468,669
86469,3897
86470,1956
86471,6461
86472,4657
86473,4732
86474,4698
86475,5318
86476,2092
86477,3876
86478,6501
86479,5995
86480,2615
86481,3064
86482,6121
86483,3947
86484,547
86485,181
86486,3315
86487,62
86488,6643
86489,6385
86490,1461
86491,6633
86492,2427
86493,2532
86494,2628
86495,4329
86496,3616
86497,6745
86498,1119
86499,6191
86500,248
86501,3242
86502,1855
86503,266
86504,2071
86505,5367
86506,5893
86507,2364
86508,882
86509,4655
86510,241
86511,3699
86512,5531
86513,1928
86514,6038
86515,3820
86516,1750
86517,6302
86518,3630
86519,6897
86520,1309
86521,5531
86522,6115
86523,3824
86524,3345
86525,6693
86526,3272
86527,1938
86528,3259
86529,1006
86530,4812
86531,3210
86532,1422
86533,2245
86534,119
86535,3430
86536,2550
86537,3005
86538,42
86539,4432
86540,4871
86541,1601
86542,1932
86543,424
86544,63
86545,1728
86546,1525
86547,3084
86548,2324
86549,5847
86550,4125
86551,5543
86552,307
86553,6344
86554,6283
86555,3601
86556,4849
86557,1688
86558,5948
86559,6453
86560,6301
86561,6321
86562,3751
86563,41
86564,5224
86565,681
86566,464
86567,1007
86568,185
86569,345
86570,3090
86571,1665
86572,3131
86573,976
86574,3087
86575,2012
86576,1366
86577,193
86578,1007
86579,634
86580,4700
86581,4419
86582,1060
86583,5993
86584,2099
86585,5154
86586,1339
86587,1115
86588,1391
86589,1471
86590,1373
86591,6626
86592,6050
86593,2628
86594,3330
86595,1209
86596,158
86597,2629
86598,5283
86599,4219
86600,4401
86601,2859
86602,3698
86603,6790
86604,2000
86605,994
86606,3555
86607,239
86608,6425
86609,6739
86610,3127
86611,6695
86612,2979
86613,1440
86614,2174
86615,6811
86616,6359
86617,3078
86618,1883
86619,6207
86620,7039
86621,6773
86622,6737
86623,1420
86624,5452
86625,2991
86626,4041
86627,6226
86628,4871
86629,6346
86630,6752
86631,1572
86632,6287
86633,3544
86634,1046
86635,4143
86636,5706
86637,5489
86638,666
86639,3658
86640,2660
86641,6199
86642,3133
86643,4048
86644,6144
86645,7008
86646,6938
86647,2986
86648,1310
86649,1913
86650,5902
86651,5725
86652,2181
86653,485
86654,2007
86655,3340
86656,1415
86657,615
86658,6043
86659,3527
86660,2100
86661,2432
86662,1639
86663,1854
86664,3512
86665,3642
86666,6195
86667,3714
86668,2853
86669,5685
86670,5628
86671,616
86672,7040
86673,2963
86674,2818
86675,1824
86676,5326
86677,6905
86678,4296
86679,6147
86680,6117
86681,908
86682,2587
86683,2797
86684,354
86685,6941
86686,6173
86687,589
86688,5723
86689,190
86690,4109
86691,74
86692,1043
86693,6382
86694,2696
86695,3834
86696,6584
86697,999
86698,922
86699,2825
86700,3281
86701,3883
86702,2478
86703,4739
86704,3250
86705,6793
86706,1594
86707,1158
86708,6592
86709,23
86710,5525
86711,58
86712,192
86713,4921
86714,1919
86715,6435
86716,2723
86717,4921
86718,5839
86719,6811
86720,3386
86721,5896
86722,5760
86723,3106
86724,3262
86725,5413
86726,4966
86727,3101
86728,778
86729,6933
86730,4432
86731,2908
86732,6116
86733,567
86734,3028
86735,6880
86736,2543
86737,384
86738,6971
86739,3012
86740,6725
86741,5110
86742,1341
86743,5566
86744,1575
86745,5384
86746,2052
86747,4367
86748,22
86749,5439
86750,1266
86751,2002
86752,5413
86753,1732
86754,3066
86755,1133
86756,212
86757,4550
86758,2881
86759,4621
86760,2796
86761,4828
86762,720
86763,2021
86764,4218
86765,3968
86766,2600
86767,2451
86768,1797
86769,87
86770,2516
86771,989
86772,6352
86773,3323
86774,1502
86775,2401
86776,1887
86777,1861
86778,5573
86779,5448
86780,6928
86781,851
86782,5279
86783,6565
86784,4449
86785,6439
86786,3025
86787,1155
86788,4377
86789,2533
86790,6455
86791,3236
86792,5640
86793,3529
86794,6711
86795,2188
86796,6942
86797,5023
86798,574
86799,3611
86800,5170
86801,1871
86802,6904
86803,5704
86804,4241
86805,3217
86806,5095
86807,2234
86808,6542
86809,1622
86810,5022
86811,2145
86812,6822
86813,261
86814,3506
86815,2229
86816,3792
86817,1665
86818,414
86819,6515
86820,7051
86821,2748
86822,39
86823,3639
86824,2259
86825,5418
86826,1276
86827,3734
86828,2378
86829,4652
86830,1601
86831,5958
86832,2139
86833,6496
86834,4311
86835,374
86836,6060
86837,4715
86838,2387
86839,1968
86840,5930
86841,2698
86842,5963
86843,547
86844,7011
86845,202
86846,5328
86847,2040
86848,3310
86849,1802
86850,6793
86851,738
86852,4230
86853,2265
86854,6061
86855,639
86856,4326
86857,5865
86858,7080
86859,306
86860,213
86861,81
86862,1053
86863,1703
86864,4503
86865,3367
86866,3513
86867,4630
86868,1313
86869,5232
86870,1609
86871,1462
86872,6992
86873,3348
86874,2779
86875,6150
86876,3446
86877,2174
86878,4938
86879,869
86880,3519
86881,3313
86882,5771
86883,2044
86884,3967
86885,31
86886,5352
86887,1295
86888,6884
86889,2379
86890,6733
86891,5185
86892,6200
86893,3711
86894,6304
86895,6997
86896,4435
86897,2727
86898,4117
86899,3461
86900,1920
86901,3525
86902,2926
86903,6145
86904,1570
86905,6224
86906,3171
86907,4005
86908,3344
86909,2330
86910,4510
86911,1175
86912,1184
86913,5518
86914,3645
86915,3117
86916,6539
86917,6367
86918,282
86919,6649
86920,177
86921,5840
86922,6726
86923,4339
86924,2293
86925,4505
86926,106
86927,3849
86928,3618
86929,4726
86930,1544
86931,5568
86932,3803
86933,6818
86934,3683
86935,5467
86936,6484
86937,162
86938,5286
86939,525
86940,5278
86941,6572
86942,1621
86943,3699
86944,4304
86945,3377
86946,4827
86947,3059
86948,1573
86949,3823
86950,2382
86951,2865
86952,4319
86953,5627
86954,857
86955,359
86956,6860
86957,3885
86958,6716
86959,5926
86960,3973
86961,2317
86962,3387
86963,767
86964,4758
86965,5592
86966,5258
86967,483
86968,1202
86969,5272
86970,2025
86971,331
86972,5210
86973,57
86974,44
86975,672
86976,611
86977,3793
86978,228
86979,5224
86980,4241
86981,1618
86982,3664
86983,7057
86984,4998
86985,1680
86986,1519
86987,209
86988,3548
86989,3618
86990,352
86991,4255
86992,4692
86993,2772
86994,3967
86995,4305
86996,6604
86997,5548
86998,3575
86999,4440
87000,5288
87001,4034
87002,1645
87003,3368
87004,747
87005,2448
87006,5003
87007,1783
87008,6369
87009,2519
87010,1745
87011,3329
87012,3482
87013,1298
87014,6401
87015,5300
87016,4482
87017,2959
87018,1812
87019,72
87020,3659
87021,1448
87022,4932
87023,6211
87024,1487
87025,5461
87026,6999
87027,1667
87028,6016
87029,4785
87030,5110
87031,1525
87032,6862
87033,2199
87034,1835
87035,1705
87036,131
87037,675
87038,2685
87039,6796
87040,4251
87041,2725
87042,3874
87043,5532
87044,6076
87045,425
87046,6373
87047,1956
87048,4175
87049,2895
87050,911
87051,2052
87052,2738
87053,5465
87054,3280
87055,4717
87056,3130
87057,4820
87058,106
87059,3429
87060,4124
87061,3006
87062,2130
87063,897
87064,6234
87065,2134
87066,3461
87067,2201
87068,3497
87069,1220
87070,5231
87071,695
87072,2590
87073,2336
87074,5855
87075,6436
87076,5625
87077,4858
87078,2395
87079,14
87080,6366
87081,888
87082,2622
87083,3204
87084,3618
87085,615
87086,4911
87087,407
87088,2895
87089,1461
87090,5432
87091,5181
87092,4325
87093,5819
87094,6668
87095,5466
87096,1475
87097,4087
87098,275
87099,6520
87100,3456
87101,4873
87102,5331
87103,4109
87104,5079
87105,4051
87106,4897
87107,859
87108,6124
87109,2040
87110,2872
87111,1109
87112,729
87113,4513
87114,2056
87115,4308
87116,5748
87117,5759
87118,6070
87119,4209
87120,3528
87121,598
87122,795
87123,1349
87124,49
87125,229
87126,4124
87127,5032
87128,2945
87129,1270
87130,4351
87131,6263
87132,2498
87133,6806
87134,1574
87135,208
87136,3513
87137,4516
87138,3536
87139,3868
87140,2116
87141,5988
87142,4455
87143,3286
87144,5397
87145,2269
87146,225
87147,7076
87148,4766
87149,1147
87150,4605
87151,6136
87152,580
87153,6976
87154,3535
87155,3417
87156,1457
87157,7067
87158,6482
87159,3419
87160,3286
87161,5131
87162,1521
87163,603
87164,2750
87165,1110
87166,1598
87167,4609
87168,2258
87169,269
87170,7046
87171,4684
87172,5028
87173,632
87174,1160
87175,6690
87176,418
87177,3657
87178,4875
87179,2919
87180,2703
87181,3810
87182,6078
87183,5088
87184,4764
87185,4979
87186,6255
87187,6883
87188,3896
87189,2844
87190,4195
87191,1950
87192,4476
87193,1375
87194,718
87195,5383
87196,5033
87197,2452
87198,1334
87199,6600
87200,644
87201,4283
87202,3224
87203,5619
87204,1119
87205,5273
87206,4466
87207,5755
87208,830
87209,6960
87210,1878
87211,5001
87212,1142
87213,1907
87214,6965
87215,4115
87216,6994
87217,671
87218,2661
87219,3032
87220,3801
87221,6856
87222,2265
87223,4399
87224,3124
87225,4271
87226,4630
87227,6153
87228,4277
87229,873
87230,3548
87231,6934
87232,5790
87233,923
87234,284
87235,3033
87236,4694
87237,1962
87238,3804
87239,4583
87240,6078
87241,3707
87242,6312
87243,7046
87244,6709
87245,1565
87246,5332
87247,4832
87248,5455
87249,431
87250,3673
87251,2443
87252,6951
87253,1183
87254,3265
87255,5919
87256,3356
87257,1161
87258,6123
87259,1629
87260,4938
87261,5859
87262,5327
87263,3643
87264,5219
87265,658
87266,5553
87267,3808
87268,6028
87269,6186
87270,4835
87271,1507
87272,4333
87273,6565
87274,2487
87275,1761
87276,6740
87277,1252
87278,6768
87279,2772
87280,5298
87281,6647
87282,2095
87283,1251
87284,7024
87285,3942
87286,6923
87287,6284
87288,6863
87289,3750
87290,2422
87291,5443
87292,1240
87293,1785
87294,4712
87295,3639
87296,4056
87297,436
87298,1450
87299,1362
87300,3735
87301,456
87302,3608
87303,2789
87304,6719
87305,5729
87306,1508
87307,4744
87308,1604
87309,3092
87310,2059
87311,3494
87312,4361
87313,5151
87314,53
87315,4817
87316,2279
87317,2082
87318,3314
87319,45
87320,6104
87321,174
87322,1322
87323,4136
87324,6669
87325,6468
87326,1400
87327,6715
87328,6880
87329,1028
87330,6489
87331,501
87332,6430
87333,6368
87334,1320
87335,3562
87336,304
87337,1949
87338,5977
87339,6252
87340,4094
87341,1371
87342,2116
87343,4759
87344,1394
87345,512
87346,6610
87347,2654
87348,4806
87349,4819
87350,264
87351,192
87352,5296
87353,6450
87354,884
87355,3209
87356,4402
87357,5061
87358,3514
87359,6819
87360,6342
87361,6054
87362,6318
87363,1224
87364,3855
87365,3560
87366,3912
87367,5306
87368,4764
87369,5141
87370,3486
87371,2719
87372,2440
87373,1338
87374,5893
87375,6880
87376,2685
87377,2485
87378,6352
87379,117
87380,5085
87381,1921
87382,4215
87383,3156
87384,3666
87385,2369
87386,3170
87387,3421
87388,3036
87389,774
87390,6450
87391,5327
87392,1861
87393,5496
87394,5395
87395,5071
87396,6208
87397,5487
87398,2216
87399,5193
87400,2745
87401,4766
87402,4196
87403,2580
87404,6422
87405,4413
87406,4995
87407,4730
87408,516
87409,2274
87410,370
87411,919
87412,4402
87413,1297
87414,2359
87415,5170
87416,578
87417,597
87418,1400
87419,1803
87420,483
87421,5525
87422,1278
87423,1547
87424,5499
87425,5592
87426,837
87427,6357
87428,3348
87429,5894
87430,4370
87431,3568
87432,3823
87433,3173
87434,427
87435,3676
87436,1013
87437,5197
87438,3467
87439,4076
87440,4186
87441,707
87442,1727
87443,3141
87444,636
87445,4504
87446,2582
87447,5138
87448,6563
87449,5391
87450,501
87451,1253
87452,7024
87453,6823
87454,5567
87455,701
87456,680
87457,1078
87458,4942
87459,102
87460,5627
87461,4181
87462,5254
87463,4426
87464,3263
87465,3153
87466,5316
87467,5500
87468,19
87469,268
87470,5741
87471,6558
87472,3476
87473,1083
87474,6075
87475,4142
87476,6024
87477,4250
87478,515
87479,722
87480,5723
87481,1182
87482,2720
87483,1611
87484,3115
87485,6714
87486,4763
87487,3439
87488,4124
87489,4010
87490,374
87491,4143
87492,3401
87493,6288
87494,7011
87495,3637
87496,1035
87497,1778
87498,4650
87499,65
87500,1602
87501,2383
87502,1696
87503,1041
87504,4314
87505,2728
87506,5529
87507,6350
87508,1810
87509,2476
87510,3428
87511,5660
87512,6111
87513,3919
87514,4351
87515,360
87516,5736
87517,5977
87518,1741
87519,5129
87520,1383
87521,3553
87522,5129
87523,1446
87524,2683
87525,1894
87526,3805
87527,3412
87528,6911
87529,1304
87530,6778
87531,6292
87532,4464
87533,562
87534,5307
87535,4855
87536,1877
87537,2619
87538,5673
87539,4393
87540,2999
87541,3183
87542,3746
87543,7036
87544,617
87545,2104
87546,3434
87547,7021
87548,2443
87549,3127
87550,5635
87551,3712
87552,1321
87553,1998
87554,1723
87555,6763
87556,1788
87557,812
87558,2217
87559,1981
87560,5122
87561,668
87562,4271
87563,5806
87564,2256
87565,6217
87566,4425
87567,1686
87568,4627
87569,294
87570,6472
87571,5041
87572,7037
87573,2855
87574,4034
87575,507
87576,4720
87577,4302
87578,2322
87579,6599
87580,3451
87581,442
87582,6222
87583,518
87584,31
87585,2175
87586,3469
87587,2737
87588,3172
87589,6049
87590,399
87591,1887
87592,5578
87593,4416
87594,903
87595,3046
87596,1920
87597,1658
87598,2916
87599,3833
87600,1819
87601,6228
87602,4485
87603,6068
87604,288
87605,5303
87606,2600
87607,6481
87608,5481
87609,3212
87610,6645
87611,6362
87612,1259
87613,3497
87614,4207
87615,1085
87616,3195
87617,5191
87618,4778
87619,5708
87620,520
87621,6718
87622,450
87623,5272
87624,6448
87625,5497
87626,7055
87627,4131
87628,1503
87629,6945
87630,5036
87631,741
87632,3252
87633,2759
87634,535
87635,5942
87636,5781
87637,2410
87638,4963
87639,3297
87640,449
87641,2893
87642,1605
87643,6182
87644,2828
87645,456
87646,2161
87647,5234
87648,4209
87649,3315
87650,1999
87651,4657
87652,1172
87653,4197
87654,5559
87655,125
87656,6996
87657,1400
87658,1347
87659,1785
87660,5351
87661,4821
87662,4396
87663,5563
87664,6501
87665,2591
87666,86
87667,2603
87668,1708
87669,5433
87670,156
87671,4659
87672,4865
87673,6356
87674,5235
87675,6505
87676,632
87677,1978
87678,6205
87679,1298
87680,6873
87681,4605
87682,1100
87683,3617
87684,5047
87685,5787
87686,991
87687,2024
87688,7022
87689,5947
87690,4519
87691,6158
87692,3242
87693,2770
87694,801
87695,5851
87696,1605
87697,5240
87698,2732
87699,5704
87700,1017
87701,891
87702,4360
87703,73
87704,441
87705,5774
87706,6424
87707,3894
87708,1848
87709,1809
87710,6344
87711,372
87712,2422
87713,4882
87714,2233
87715,4707
87716,5592
87717,6009
87718,374
87719,3834
87720,5007
87721,3794
87722,1438
87723,3061
87724,5181
87725,5445
87726,3091
87727,3996
87728,5142
87729,4363
87730,5927
87731,1260
87732,3678
87733,6837
87734,567
87735,5149
87736,7062
87737,276
87738,83
87739,3745
87740,50
87741,4062
87742,272
87743,1312
87744,6300
87745,2231
87746,2961
87747,4573
87748,2177
87749,1117
87750,1901
87751,2538
87752,6415
87753,5381
87754,1375
87755,4895
87756,4716
87757,457
87758,4580
87759,1760
87760,3924
87761,5871
87762,2891
87763,5045
87764,3154
87765,2032
87766,5718
87767,3002
87768,1413
87769,2549
87770,497
87771,6938
87772,5522
87773,2142
87774,4583
87775,2872
87776,227
87777,6990
87778,4574
87779,4031
87780,3208
87781,6567
87782,4586
87783,789
87784,1454
87785,1831
87786,1378
87787,423
87788,511
87789,5555
87790,6254
87791,6319
87792,4779
87793,744
87794,1953
87795,3982
87796,1188
87797,936
87798,4988
87799,6800
87800,4276
87801,3770
87802,5186
87803,367
87804,4511
87805,2106
87806,3478
87807,1486
87808,3845
87809,4682
87810,1508
87811,1655
87812,561
87813,5922
87814,1107
87815,2678
87816,206
87817,2088
87818,4331
87819,5837
87820,2820
87821,5213
87822,5227
87823,4837
87824,4881
87825,3925
87826,1914
87827,3000
87828,4261
87829,4356
87830,3556
87831,1991
87832,4321
87833,869
87834,4044
87835,6850
87836,358
87837,3913
87838,3421
87839,4212
87840,1943
87841,3688
87842,2162
87843,3057
87844,2249
87845,1516
87846,1904
87847,2563
87848,5758
87849,4706
87850,4278
87851,1854
87852,2634
87853,884
87854,3915
87855,5959
87856,483
87857,2510
87858,5823
87859,789
87860,838
87861,5628
87862,1212
87863,3336
87864,5078
87865,2809
87866,424
87867,137
87868,6283
87869,788
87870,15
87871,374
87872,6775
87873,1902
87874,2687
87875,7047
87876,6051
87877,4460
87878,2988
87879,1259
87880,3446
87881,5981
87882,3835
87883,1004
87884,838
87885,4871
87886,6361
87887,3235
87888,2903
87889,3730
87890,906
87891,3033
87892,4892
87893,5619
87894,1472
87895,4687
87896,6378
87897,2541
87898,1118
87899,5656
87900,1005
87901,2240
87902,1596
87903,2578
87904,5192
87905,5765
87906,1051
87907,3306
87908,3281
87909,3487
87910,4626
87911,4380
87912,6763
87913,5117
87914,5382
87915,3228
87916,733
87917,4433
87918,2189
87919,2938
87920,3521
87921,3905
87922,6687
87923,6177
87924,5733
87925,3560
87926,1420
87927,3661
87928,4436
87929,4599
87930,6134
87931,87
87932,642
87933,3764
87934,5556
87935,4636
87936,178
87937,3638
87938,170
87939,4694
87940,2072
87941,5060
87942,4892
87943,6873
87944,609
87945,6105
87946,760
87947,5974
87948,317
87949,5354
87950,4654
87951,3118
87952,5687
87953,3009
87954,1661
87955,5881
87956,6448
87957,6384
87958,5464
87959,2064
87960,6176
87961,4110
87962,6798
87963,6014
87964,430
87965,1021
87966,3913
87967,1847
87968,6835
87969,3237
87970,738
87971,5938
87972,1725
87973,6505
87974,4621
87975,6439
87976,3759
87977,6734
87978,2817
87979,4695
87980,6872
87981,2145
87982,1359
87983,1241
87984,6888
87985,5018
87986,5340
87987,5476
87988,5731
87989,3570
87990,5043
87991,5525
87992,6078
87993,2891
87994,944
87995,4893
87996,2309
87997,3447
87998,4369
87999,2986
88000,6299